Year;Month;Day;Date;CZ
2015;1;1;1/1/2015;0.198581439393939
2015;1;2;2/1/2015;0.205988636363636
2015;1;3;3/1/2015;0.107572916666667
2015;1;4;4/1/2015;0.227570075757576
2015;1;5;5/1/2015;0.212086174242424
2015;1;6;6/1/2015;0.213026515151515
2015;1;7;7/1/2015;0.203611742424242
2015;1;8;8/1/2015;0.206958333333333
2015;1;9;9/1/2015;0.0969981060606061
2015;1;10;10/1/2015;0.0848465909090909
2015;1;11;11/1/2015;0.193960227272727
2015;1;12;12/1/2015;0.181525568181818
2015;1;13;13/1/2015;0.184743371212121
2015;1;14;14/1/2015;0.192945075757576
2015;1;15;15/1/2015;0.18909375
2015;1;16;16/1/2015;0.183724431818182
2015;1;17;17/1/2015;0.0833219696969697
2015;1;18;18/1/2015;0.190986742424242
2015;1;19;19/1/2015;0.186566287878788
2015;1;20;20/1/2015;0.196541666666667
2015;1;21;21/1/2015;0.196589962121212
2015;1;22;22/1/2015;0.188938446969697
2015;1;23;23/1/2015;0.190616477272727
2015;1;24;24/1/2015;0.116633522727273
2015;1;25;25/1/2015;0.20378125
2015;1;26;26/1/2015;0.200928977272727
2015;1;27;27/1/2015;0.199356060606061
2015;1;28;28/1/2015;0.205622159090909
2015;1;29;29/1/2015;0.210106060606061
2015;1;30;30/1/2015;0.204059659090909
2015;1;31;31/1/2015;0.11667803030303
2015;2;1;1/2/2015;0.204318181818182
2015;2;2;2/2/2015;0.203110795454545
2015;2;3;3/2/2015;0.208054924242424
2015;2;4;4/2/2015;0.202752840909091
2015;2;5;5/2/2015;0.203412878787879
2015;2;6;6/2/2015;0.199813446969697
2015;2;7;7/2/2015;0.0921155303030303
2015;2;8;8/2/2015;0.214591856060606
2015;2;9;9/2/2015;0.200352272727273
2015;2;10;10/2/2015;0.211680871212121
2015;2;11;11/2/2015;0.214060606060606
2015;2;12;12/2/2015;0.215345643939394
2015;2;13;13/2/2015;0.211700757575758
2015;2;14;14/2/2015;0.211910037878788
2015;2;15;15/2/2015;0.216306818181818
2015;2;16;16/2/2015;0.207210227272727
2015;2;17;17/2/2015;0.199607007575758
2015;2;18;18/2/2015;0.203315340909091
2015;2;19;19/2/2015;0.207620265151515
2015;2;20;20/2/2015;0.211980113636364
2015;2;21;21/2/2015;0.210664772727273
2015;2;22;22/2/2015;0.21750946969697
2015;2;23;23/2/2015;0.212522727272727
2015;2;24;24/2/2015;0.211239583333333
2015;2;25;25/2/2015;0.208341856060606
2015;2;26;26/2/2015;0.208833333333333
2015;2;27;27/2/2015;0.208299242424242
2015;2;28;28/2/2015;0.125676136363636
2015;3;1;1/3/2015;0.232087121212121
2015;3;2;2/3/2015;0.214372159090909
2015;3;3;3/3/2015;0.220773674242424
2015;3;4;4/3/2015;0.224635416666667
2015;3;5;5/3/2015;0.213683712121212
2015;3;6;6/3/2015;0.21158428030303
2015;3;7;7/3/2015;0.113869318181818
2015;3;8;8/3/2015;0.233298295454545
2015;3;9;9/3/2015;0.222387310606061
2015;3;10;10/3/2015;0.212980113636364
2015;3;11;11/3/2015;0.214639204545455
2015;3;12;12/3/2015;0.213029356060606
2015;3;13;13/3/2015;0.204814393939394
2015;3;14;14/3/2015;0.101753787878788
2015;3;15;15/3/2015;0.223645833333333
2015;3;16;16/3/2015;0.207087121212121
2015;3;17;17/3/2015;0.218913825757576
2015;3;18;18/3/2015;0.218219696969697
2015;3;19;19/3/2015;0.212589015151515
2015;3;20;20/3/2015;0.19577178030303
2015;3;21;21/3/2015;0.0969242424242424
2015;3;22;22/3/2015;0.217193181818182
2015;3;23;23/3/2015;0.207711174242424
2015;3;24;24/3/2015;0.210561553030303
2015;3;25;25/3/2015;0.221586174242424
2015;3;26;26/3/2015;0.203065340909091
2015;3;27;27/3/2015;0.206722537878788
2015;3;28;28/3/2015;0.204266098484848
2015;3;29;29/3/2015;0.219323863636364
2015;3;30;30/3/2015;0.208269886363636
2015;3;31;31/3/2015;0.197089015151515
2015;4;1;1/4/2015;0.192104166666667
2015;4;2;2/4/2015;0.195453598484848
2015;4;3;3/4/2015;0.178645833333333
2015;4;4;4/4/2015;0.0789412878787879
2015;4;5;5/4/2015;0.205471590909091
2015;4;6;6/4/2015;0.205736742424242
2015;4;7;7/4/2015;0.200041666666667
2015;4;8;8/4/2015;0.192666666666667
2015;4;9;9/4/2015;0.187764204545455
2015;4;10;10/4/2015;0.189142045454545
2015;4;11;11/4/2015;0.137916666666667
2015;4;12;12/4/2015;0.223449810606061
2015;4;13;13/4/2015;0.207635416666667
2015;4;14;14/4/2015;0.208105113636364
2015;4;15;15/4/2015;0.212714015151515
2015;4;16;16/4/2015;0.219246212121212
2015;4;17;17/4/2015;0.199242424242424
2015;4;18;18/4/2015;0.12889678030303
2015;4;19;19/4/2015;0.222264204545455
2015;4;20;20/4/2015;0.210516098484849
2015;4;21;21/4/2015;0.213930871212121
2015;4;22;22/4/2015;0.209081439393939
2015;4;23;23/4/2015;0.199895833333333
2015;4;24;24/4/2015;0.188943181818182
2015;4;25;25/4/2015;0.0990625
2015;4;26;26/4/2015;0.214297348484848
2015;4;27;27/4/2015;0.199965909090909
2015;4;28;28/4/2015;0.20070928030303
2015;4;29;29/4/2015;0.204555871212121
2015;4;30;30/4/2015;0.196421401515152
2015;5;1;1/5/2015;0.195852272727273
2015;5;2;2/5/2015;0.202642045454545
2015;5;3;3/5/2015;0.202875
2015;5;4;4/5/2015;0.188104166666667
2015;5;5;5/5/2015;0.131357007575758
2015;5;6;6/5/2015;0.197827651515152
2015;5;7;7/5/2015;0.196849431818182
2015;5;8;8/5/2015;0.191747159090909
2015;5;9;9/5/2015;0.189483901515151
2015;5;10;10/5/2015;0.193142045454545
2015;5;11;11/5/2015;0.173150568181818
2015;5;12;12/5/2015;0.081717803030303
2015;5;13;13/5/2015;0.183882575757576
2015;5;14;14/5/2015;0.179203598484849
2015;5;15;15/5/2015;0.174190340909091
2015;5;16;16/5/2015;0.0889488636363636
2015;5;17;17/5/2015;0.182962121212121
2015;5;18;18/5/2015;0.182979166666667
2015;5;19;19/5/2015;0.179029356060606
2015;5;20;20/5/2015;0.168038825757576
2015;5;21;21/5/2015;0.178398674242424
2015;5;22;22/5/2015;0.177238636363636
2015;5;23;23/5/2015;0.105503787878788
2015;5;24;24/5/2015;0.192204545454545
2015;5;25;25/5/2015;0.186252840909091
2015;5;26;26/5/2015;0.176858901515151
2015;5;27;27/5/2015;0.170294507575758
2015;5;28;28/5/2015;0.15554071969697
2015;5;29;29/5/2015;0.156948863636364
2015;5;30;30/5/2015;0.20967803030303
2015;5;31;31/5/2015;0.226826704545455
2015;6;1;1/6/2015;0.210727272727273
2015;6;2;2/6/2015;0.208460227272727
2015;6;3;3/6/2015;0.203183712121212
2015;6;4;4/6/2015;0.208830492424242
2015;6;5;5/6/2015;0.199608901515152
2015;6;6;6/6/2015;0.15841571969697
2015;6;7;7/6/2015;0.210689393939394
2015;6;8;8/6/2015;0.199813446969697
2015;6;9;9/6/2015;0.194144886363636
2015;6;10;10/6/2015;0.205098484848485
2015;6;11;11/6/2015;0.21479071969697
2015;6;12;12/6/2015;0.198914772727273
2015;6;13;13/6/2015;0.21140625
2015;6;14;14/6/2015;0.216458333333333
2015;6;15;15/6/2015;0.200594696969697
2015;6;16;16/6/2015;0.194746212121212
2015;6;17;17/6/2015;0.195668560606061
2015;6;18;18/6/2015;0.215068181818182
2015;6;19;19/6/2015;0.197977272727273
2015;6;20;20/6/2015;0.170753787878788
2015;6;21;21/6/2015;0.19792803030303
2015;6;22;22/6/2015;0.194910037878788
2015;6;23;23/6/2015;0.191063446969697
2015;6;24;24/6/2015;0.206249053030303
2015;6;25;25/6/2015;0.206676136363636
2015;6;26;26/6/2015;0.203333333333333
2015;6;27;27/6/2015;0.207130681818182
2015;6;28;28/6/2015;0.22633428030303
2015;6;29;29/6/2015;0.211058712121212
2015;6;30;30/6/2015;0.195907196969697
2015;7;1;1/7/2015;0.211081439393939
2015;7;2;2/7/2015;0.214757575757576
2015;7;3;3/7/2015;0.207910984848485
2015;7;4;4/7/2015;0.167583333333333
2015;7;5;5/7/2015;0.20819696969697
2015;7;6;6/7/2015;0.204873106060606
2015;7;7;7/7/2015;0.20595928030303
2015;7;8;8/7/2015;0.211535037878788
2015;7;9;9/7/2015;0.215258522727273
2015;7;10;10/7/2015;0.193513257575758
2015;7;11;11/7/2015;0.110058712121212
2015;7;12;12/7/2015;0.204210227272727
2015;7;13;13/7/2015;0.184211174242424
2015;7;14;14/7/2015;0.182902462121212
2015;7;15;15/7/2015;0.190226325757576
2015;7;16;16/7/2015;0.177480113636364
2015;7;17;17/7/2015;0.183588068181818
2015;7;18;18/7/2015;0.196360795454545
2015;7;19;19/7/2015;0.198359848484849
2015;7;20;20/7/2015;0.180278409090909
2015;7;21;21/7/2015;0.176310606060606
2015;7;22;22/7/2015;0.171128787878788
2015;7;23;23/7/2015;0.177856060606061
2015;7;24;24/7/2015;0.176917613636364
2015;7;25;25/7/2015;0.161681818181818
2015;7;26;26/7/2015;0.18092803030303
2015;7;27;27/7/2015;0.177820075757576
2015;7;28;28/7/2015;0.181205492424242
2015;7;29;29/7/2015;0.176114583333333
2015;7;30;30/7/2015;0.184379734848485
2015;7;31;31/7/2015;0.168092803030303
2015;8;1;1/8/2015;0.183876893939394
2015;8;2;2/8/2015;0.185349431818182
2015;8;3;3/8/2015;0.169690340909091
2015;8;4;4/8/2015;0.183470643939394
2015;8;5;5/8/2015;0.17827178030303
2015;8;6;6/8/2015;0.170971590909091
2015;8;7;7/8/2015;0.170431818181818
2015;8;8;8/8/2015;0.17913446969697
2015;8;9;9/8/2015;0.184367424242424
2015;8;10;10/8/2015;0.169153409090909
2015;8;11;11/8/2015;0.172901515151515
2015;8;12;12/8/2015;0.127067234848485
2015;8;13;13/8/2015;0.136517045454545
2015;8;14;14/8/2015;0.128056818181818
2015;8;15;15/8/2015;0.114233901515152
2015;8;16;16/8/2015;0.14328125
2015;8;17;17/8/2015;0.137413825757576
2015;8;18;18/8/2015;0.153463068181818
2015;8;19;19/8/2015;0.153130681818182
2015;8;20;20/8/2015;0.161974431818182
2015;8;21;21/8/2015;0.187983901515151
2015;8;22;22/8/2015;0.158673295454546
2015;8;23;23/8/2015;0.183983901515152
2015;8;24;24/8/2015;0.166829545454545
2015;8;25;25/8/2015;0.156947916666667
2015;8;26;26/8/2015;0.174143939393939
2015;8;27;27/8/2015;0.154363636363636
2015;8;28;28/8/2015;0.150823863636364
2015;8;29;29/8/2015;0.121252840909091
2015;8;30;30/8/2015;0.176849431818182
2015;8;31;31/8/2015;0.154969696969697
2015;9;1;1/9/2015;0.148769886363636
2015;9;2;2/9/2015;0.152069128787879
2015;9;3;3/9/2015;0.132768939393939
2015;9;4;4/9/2015;0.137545454545455
2015;9;5;5/9/2015;0.125789772727273
2015;9;6;6/9/2015;0.163456439393939
2015;9;7;7/9/2015;0.150071022727273
2015;9;8;8/9/2015;0.140607954545455
2015;9;9;9/9/2015;0.140822916666667
2015;9;10;10/9/2015;0.13329071969697
2015;9;11;11/9/2015;0.137305871212121
2015;9;12;12/9/2015;0.141549242424242
2015;9;13;13/9/2015;0.161484848484848
2015;9;14;14/9/2015;0.155332386363636
2015;9;15;15/9/2015;0.151837121212121
2015;9;16;16/9/2015;0.152577651515151
2015;9;17;17/9/2015;0.159850378787879
2015;9;18;18/9/2015;0.150111742424242
2015;9;19;19/9/2015;0.1345
2015;9;20;20/9/2015;0.15185321969697
2015;9;21;21/9/2015;0.147345643939394
2015;9;22;22/9/2015;0.143841856060606
2015;9;23;23/9/2015;0.14542803030303
2015;9;24;24/9/2015;0.149876893939394
2015;9;25;25/9/2015;0.14064678030303
2015;9;26;26/9/2015;0.0806931818181818
2015;9;27;27/9/2015;0.156080492424242
2015;9;28;28/9/2015;0.141398674242424
2015;9;29;29/9/2015;0.12064678030303
2015;9;30;30/9/2015;0.148168560606061
2015;10;1;1/10/2015;0.165999053030303
2015;10;2;2/10/2015;0.168375
2015;10;3;3/10/2015;0.107724431818182
2015;10;4;4/10/2015;0.193476325757576
2015;10;5;5/10/2015;0.176123106060606
2015;10;6;6/10/2015;0.176869318181818
2015;10;7;7/10/2015;0.185845643939394
2015;10;8;8/10/2015;0.17375
2015;10;9;9/10/2015;0.176973484848485
2015;10;10;10/10/2015;0.161620265151515
2015;10;11;11/10/2015;0.200272727272727
2015;10;12;12/10/2015;0.182059659090909
2015;10;13;13/10/2015;0.193018939393939
2015;10;14;14/10/2015;0.189512310606061
2015;10;15;15/10/2015;0.185548295454545
2015;10;16;16/10/2015;0.194357954545455
2015;10;17;17/10/2015;0.177382575757576
2015;10;18;18/10/2015;0.202083333333333
2015;10;19;19/10/2015;0.191442234848485
2015;10;20;20/10/2015;0.186935606060606
2015;10;21;21/10/2015;0.182369318181818
2015;10;22;22/10/2015;0.172311553030303
2015;10;23;23/10/2015;0.186941287878788
2015;10;24;24/10/2015;0.229690340909091
2015;10;25;25/10/2015;0.235335227272727
2015;10;26;26/10/2015;0.219899621212121
2015;10;27;27/10/2015;0.223936553030303
2015;10;28;28/10/2015;0.2195625
2015;10;29;29/10/2015;0.205783143939394
2015;10;30;30/10/2015;0.210336174242424
2015;10;31;31/10/2015;0.156658143939394
2015;11;1;1/11/2015;0.184341856060606
2015;11;2;2/11/2015;0.174734848484848
2015;11;3;3/11/2015;0.160423295454545
2015;11;4;4/11/2015;0.161501893939394
2015;11;5;5/11/2015;0.169357007575758
2015;11;6;6/11/2015;0.174693181818182
2015;11;7;7/11/2015;0.17974053030303
2015;11;8;8/11/2015;0.183545454545455
2015;11;9;9/11/2015;0.173994318181818
2015;11;10;10/11/2015;0.175336174242424
2015;11;11;11/11/2015;0.17286553030303
2015;11;12;12/11/2015;0.170785037878788
2015;11;13;13/11/2015;0.175265151515152
2015;11;14;14/11/2015;0.156347537878788
2015;11;15;15/11/2015;0.19366571969697
2015;11;16;16/11/2015;0.18211553030303
2015;11;17;17/11/2015;0.177610795454545
2015;11;18;18/11/2015;0.175989583333333
2015;11;19;19/11/2015;0.230535984848485
2015;11;20;20/11/2015;0.189224431818182
2015;11;21;21/11/2015;0.174487689393939
2015;11;22;22/11/2015;0.214170454545455
2015;11;23;23/11/2015;0.200392045454545
2015;11;24;24/11/2015;0.233282196969697
2015;11;25;25/11/2015;0.229857954545455
2015;11;26;26/11/2015;0.207594696969697
2015;11;27;27/11/2015;0.210429924242424
2015;11;28;28/11/2015;0.220984848484848
2015;11;29;29/11/2015;0.247247159090909
2015;11;30;30/11/2015;0.238623106060606
2015;12;1;1/12/2015;0.245169507575758
2015;12;2;2/12/2015;0.250920454545454
2015;12;3;3/12/2015;0.259974431818182
2015;12;4;4/12/2015;0.267178977272727
2015;12;5;5/12/2015;0.201392045454545
2015;12;6;6/12/2015;0.251833333333333
2015;12;7;7/12/2015;0.241609848484849
2015;12;8;8/12/2015;0.237779356060606
2015;12;9;9/12/2015;0.223642045454545
2015;12;10;10/12/2015;0.229117424242424
2015;12;11;11/12/2015;0.229069128787879
2015;12;12;12/12/2015;0.224475378787879
2015;12;13;13/12/2015;0.24770928030303
2015;12;14;14/12/2015;0.236373106060606
2015;12;15;15/12/2015;0.23365625
2015;12;16;16/12/2015;0.220117424242424
2015;12;17;17/12/2015;0.228169507575758
2015;12;18;18/12/2015;0.228911931818182
2015;12;19;19/12/2015;0.17275
2015;12;20;20/12/2015;0.232714015151515
2015;12;21;21/12/2015;0.24158428030303
2015;12;22;22/12/2015;0.243732954545455
2015;12;23;23/12/2015;0.239519886363636
2015;12;24;24/12/2015;0.231710227272727
2015;12;25;25/12/2015;0.24209375
2015;12;26;26/12/2015;0.241191287878788
2015;12;27;27/12/2015;0.235052083333333
2015;12;28;28/12/2015;0.231160984848485
2015;12;29;29/12/2015;0.234919507575758
2015;12;30;30/12/2015;0.232997159090909
2015;12;31;31/12/2015;0.2233125
2016;1;1;1/1/2016;0.235201082753287
2016;1;2;2/1/2016;0.235129543696829
2016;1;3;3/1/2016;0.235575212683681
2016;1;4;4/1/2016;0.217975638051044
2016;1;5;5/1/2016;0.214722544470224
2016;1;6;6/1/2016;0.214874323279196
2016;1;7;7/1/2016;0.215902938901779
2016;1;8;8/1/2016;0.219891724671307
2016;1;9;9/1/2016;0.187419760247487
2016;1;10;10/1/2016;0.227021461716937
2016;1;11;11/1/2016;0.219118329466357
2016;1;12;12/1/2016;0.241772041763341
2016;1;13;13/1/2016;0.240351894818252
2016;1;14;14/1/2016;0.230106341840681
2016;1;15;15/1/2016;0.236373743232792
2016;1;16;16/1/2016;0.245697989172467
2016;1;17;17/1/2016;0.236421113689095
2016;1;18;18/1/2016;0.238081979891725
2016;1;19;19/1/2016;0.226861948955917
2016;1;20;20/1/2016;0.228526682134571
2016;1;21;21/1/2016;0.229564965197216
2016;1;22;22/1/2016;0.2348124516628
2016;1;23;23/1/2016;0.20608275328693
2016;1;24;24/1/2016;0.242328886310905
2016;1;25;25/1/2016;0.230752126836814
2016;1;26;26/1/2016;0.253321732405259
2016;1;27;27/1/2016;0.265705723124517
2016;1;28;28/1/2016;0.252655645784996
2016;1;29;29/1/2016;0.263207656612529
2016;1;30;30/1/2016;0.238813805104408
2016;1;31;31/1/2016;0.280037703016241
2016;2;1;1/2/2016;0.266190061871616
2016;2;2;2/2/2016;0.263221191028616
2016;2;3;3/2/2016;0.265316125290023
2016;2;4;4/2/2016;0.255047370456303
2016;2;5;5/2/2016;0.254310711523589
2016;2;6;6/2/2016;0.253423240525909
2016;2;7;7/2/2016;0.283552784222738
2016;2;8;8/2/2016;0.27409222737819
2016;2;9;9/2/2016;0.258463843774169
2016;2;10;10/2/2016;0.256718870843001
2016;2;11;11/2/2016;0.255734725444702
2016;2;12;12/2/2016;0.252680781129157
2016;2;13;13/2/2016;0.23486562258314
2016;2;14;14/2/2016;0.271407579273009
2016;2;15;15/2/2016;0.250278422273782
2016;2;16;16/2/2016;0.253462877030162
2016;2;17;17/2/2016;0.253349767981438
2016;2;18;18/2/2016;0.24340777262181
2016;2;19;19/2/2016;0.248619489559165
2016;2;20;20/2/2016;0.246013147718484
2016;2;21;21/2/2016;0.27871713070379
2016;2;22;22/2/2016;0.259940061871616
2016;2;23;23/2/2016;0.247456496519722
2016;2;24;24/2/2016;0.251674400618716
2016;2;25;25/2/2016;0.242205143078113
2016;2;26;26/2/2016;0.245118909512761
2016;2;27;27/2/2016;0.227678847641145
2016;2;28;28/2/2016;0.277289249806651
2016;2;29;29/2/2016;0.266859048723898
2016;3;1;1/3/2016;0.290179814385151
2016;3;2;2/3/2016;0.285003866976025
2016;3;3;3/3/2016;0.247165506573859
2016;3;4;4/3/2016;0.292965003866976
2016;3;5;5/3/2016;0.286777842227378
2016;3;6;6/3/2016;0.308872776488786
2016;3;7;7/3/2016;0.287563805104408
2016;3;8;8/3/2016;0.277631477184841
2016;3;9;9/3/2016;0.283744199535963
2016;3;10;10/3/2016;0.291854215003867
2016;3;11;11/3/2016;0.251173627223511
2016;3;12;12/3/2016;0.174864655839134
2016;3;13;13/3/2016;0.19346094354215
2016;3;14;14/3/2016;0.191363109048724
2016;3;15;15/3/2016;0.199934261407579
2016;3;16;16/3/2016;0.196646365042537
2016;3;17;17/3/2016;0.193690061871616
2016;3;18;18/3/2016;0.195803364269142
2016;3;19;19/3/2016;0.177515467904099
2016;3;20;20/3/2016;0.207416860015468
2016;3;21;21/3/2016;0.203841840680588
2016;3;22;22/3/2016;0.205070572312452
2016;3;23;23/3/2016;0.198092614075793
2016;3;24;24/3/2016;0.208080046403712
2016;3;25;25/3/2016;0.208475444702243
2016;3;26;26/3/2016;0.202868329466357
2016;3;27;27/3/2016;0.20362819025522
2016;3;28;28/3/2016;0.201026682134571
2016;3;29;29/3/2016;0.200308391337974
2016;3;30;30/3/2016;0.200203982985305
2016;3;31;31/3/2016;0.193399071925754
2016;4;1;1/4/2016;0.201515854601701
2016;4;2;2/4/2016;0.203853441608662
2016;4;3;3/4/2016;0.204491492652746
2016;4;4;4/4/2016;0.196429814385151
2016;4;5;5/4/2016;0.189098994586234
2016;4;6;6/4/2016;0.199671307037896
2016;4;7;7/4/2016;0.20889211136891
2016;4;8;8/4/2016;0.205474671307038
2016;4;9;9/4/2016;0.219104795050271
2016;4;10;10/4/2016;0.220842034029389
2016;4;11;11/4/2016;0.216016047950503
2016;4;12;12/4/2016;0.210244586233565
2016;4;13;13/4/2016;0.210601314771848
2016;4;14;14/4/2016;0.204115429234339
2016;4;15;15/4/2016;0.199181167826759
2016;4;16;16/4/2016;0.21188901778809
2016;4;17;17/4/2016;0.214364849187935
2016;4;18;18/4/2016;0.207004060324826
2016;4;19;19/4/2016;0.209366782675947
2016;4;20;20/4/2016;0.197970804331013
2016;4;21;21/4/2016;0.19795630317092
2016;4;22;22/4/2016;0.188570185614849
2016;4;23;23/4/2016;0.194571732405259
2016;4;24;24/4/2016;0.198850541376643
2016;4;25;25/4/2016;0.191133023975251
2016;4;26;26/4/2016;0.19045630317092
2016;4;27;27/4/2016;0.218207656612529
2016;4;28;28/4/2016;0.208164153132251
2016;4;29;29/4/2016;0.211311871616396
2016;4;30;30/4/2016;0.218284029389018
2016;5;1;1/5/2016;0.224221771075019
2016;5;2;2/5/2016;0.212392691415313
2016;5;3;3/5/2016;0.206414346481052
2016;5;4;4/5/2016;0.205306457849961
2016;5;5;5/5/2016;0.219001353441609
2016;5;6;6/5/2016;0.220562645011601
2016;5;7;7/5/2016;0.221598027842227
2016;5;8;8/5/2016;0.227451662799691
2016;5;9;9/5/2016;0.214316511987626
2016;5;10;10/5/2016;0.214660672853828
2016;5;11;11/5/2016;0.206802010827533
2016;5;12;12/5/2016;0.204833720030936
2016;5;13;13/5/2016;0.206212296983759
2016;5;14;14/5/2016;0.206757540603248
2016;5;15;15/5/2016;0.207645978344934
2016;5;16;16/5/2016;0.201778808971384
2016;5;17;17/5/2016;0.200273588553751
2016;5;18;18/5/2016;0.199619102861562
2016;5;19;19/5/2016;0.190356728538283
2016;5;20;20/5/2016;0.194709976798144
2016;5;21;21/5/2016;0.199455723124517
2016;5;22;22/5/2016;0.201568058778036
2016;5;23;23/5/2016;0.192226411446249
2016;5;24;24/5/2016;0.186819412219644
2016;5;25;25/5/2016;0.191462683681361
2016;5;26;26/5/2016;0.203061678267595
2016;5;27;27/5/2016;0.23708430007734
2016;5;28;28/5/2016;0.256671500386698
2016;5;29;29/5/2016;0.257000193348801
2016;5;30;30/5/2016;0.254800850734725
2016;5;31;31/5/2016;0.249218870843001
2016;6;1;1/6/2016;0.222736852281516
2016;6;2;2/6/2016;0.222693348801237
2016;6;3;3/6/2016;0.221333139984532
2016;6;4;4/6/2016;0.257016627996906
2016;6;5;5/6/2016;0.263955916473318
2016;6;6;6/6/2016;0.250388631090487
2016;6;7;7/6/2016;0.251008313998453
2016;6;8;8/6/2016;0.251321539056458
2016;6;9;9/6/2016;0.252103634957463
2016;6;10;10/6/2016;0.258202822892498
2016;6;11;11/6/2016;0.259513727764888
2016;6;12;12/6/2016;0.264069025522042
2016;6;13;13/6/2016;0.235980278422274
2016;6;14;14/6/2016;0.22265467904099
2016;6;15;15/6/2016;0.247420726991493
2016;6;16;16/6/2016;0.234935228151585
2016;6;17;17/6/2016;0.232515467904099
2016;6;18;18/6/2016;0.236357308584687
2016;6;19;19/6/2016;0.247993039443155
2016;6;20;20/6/2016;0.219638437741686
2016;6;21;21/6/2016;0.241075986078886
2016;6;22;22/6/2016;0.22559068058778
2016;6;23;23/6/2016;0.235682521268368
2016;6;24;24/6/2016;0.230943542150039
2016;6;25;25/6/2016;0.24350154679041
2016;6;26;26/6/2016;0.256948955916473
2016;6;27;27/6/2016;0.232595707656612
2016;6;28;28/6/2016;0.226058584686775
2016;6;29;29/6/2016;0.242997873163186
2016;6;30;30/6/2016;0.234474091260634
2016;7;1;1/7/2016;0.241472351121423
2016;7;2;2/7/2016;0.283068445475638
2016;7;3;3/7/2016;0.295098607888631
2016;7;4;4/7/2016;0.262848994586234
2016;7;5;5/7/2016;0.247608275328693
2016;7;6;6/7/2016;0.266771075019335
2016;7;7;7/7/2016;0.241837780355762
2016;7;8;8/7/2016;0.240448569218871
2016;7;9;9/7/2016;0.242209010054138
2016;7;10;10/7/2016;0.254317478731632
2016;7;11;11/7/2016;0.223734532095901
2016;7;12;12/7/2016;0.225421500386698
2016;7;13;13/7/2016;0.208262761020882
2016;7;14;14/7/2016;0.223270494972931
2016;7;15;15/7/2016;0.243983952049497
2016;7;16;16/7/2016;0.243613689095128
2016;7;17;17/7/2016;0.249573665893271
2016;7;18;18/7/2016;0.219243039443155
2016;7;19;19/7/2016;0.223157385924207
2016;7;20;20/7/2016;0.228331399845321
2016;7;21;21/7/2016;0.23925464037123
2016;7;22;22/7/2016;0.233469644238206
2016;7;23;23/7/2016;0.235761794276876
2016;7;24;24/7/2016;0.242237045630317
2016;7;25;25/7/2016;0.208712296983759
2016;7;26;26/7/2016;0.213388437741686
2016;7;27;27/7/2016;0.227994972931168
2016;7;28;28/7/2016;0.233319798917247
2016;7;29;29/7/2016;0.243047177107502
2016;7;30;30/7/2016;0.254796017014695
2016;7;31;31/7/2016;0.26237819025522
2016;8;1;1/8/2016;0.248052977571539
2016;8;2;2/8/2016;0.247181941221964
2016;8;3;3/8/2016;0.253076179427688
2016;8;4;4/8/2016;0.25924690641918
2016;8;5;5/8/2016;0.240870069605568
2016;8;6;6/8/2016;0.242267981438515
2016;8;7;7/8/2016;0.26769528228925
2016;8;8;8/8/2016;0.247949535962877
2016;8;9;9/8/2016;0.239693542150039
2016;8;10;10/8/2016;0.240242652745553
2016;8;11;11/8/2016;0.244529195668987
2016;8;12;12/8/2016;0.222570572312452
2016;8;13;13/8/2016;0.248743232791957
2016;8;14;14/8/2016;0.240369296210363
2016;8;15;15/8/2016;0.236952822892498
2016;8;16;16/8/2016;0.223638824439288
2016;8;17;17/8/2016;0.212302784222738
2016;8;18;18/8/2016;0.223214423820572
2016;8;19;19/8/2016;0.216233565351895
2016;8;20;20/8/2016;0.231334106728538
2016;8;21;21/8/2016;0.236907385924207
2016;8;22;22/8/2016;0.225697022428461
2016;8;23;23/8/2016;0.218430974477958
2016;8;24;24/8/2016;0.21675464037123
2016;8;25;25/8/2016;0.221946055684455
2016;8;26;26/8/2016;0.214729311678268
2016;8;27;27/8/2016;0.222759087393658
2016;8;28;28/8/2016;0.232427494199536
2016;8;29;29/8/2016;0.207706883217324
2016;8;30;30/8/2016;0.203580819798917
2016;8;31;31/8/2016;0.218281129156999
2016;9;1;1/9/2016;0.214431554524362
2016;9;2;2/9/2016;0.209747679814385
2016;9;3;3/9/2016;0.225919373549884
2016;9;4;4/9/2016;0.22774845320959
2016;9;5;5/9/2016;0.203621423047177
2016;9;6;6/9/2016;0.203102281515855
2016;9;7;7/9/2016;0.205385730858469
2016;9;8;8/9/2016;0.205057037896365
2016;9;9;9/9/2016;0.212537703016241
2016;9;10;10/9/2016;0.224707076566125
2016;9;11;11/9/2016;0.231563225058005
2016;9;12;12/9/2016;0.202855761794277
2016;9;13;13/9/2016;0.202209976798144
2016;9;14;14/9/2016;0.20822505800464
2016;9;15;15/9/2016;0.194949729311678
2016;9;16;16/9/2016;0.180899071925754
2016;9;17;17/9/2016;0.197088167053364
2016;9;18;18/9/2016;0.203252126836814
2016;9;19;19/9/2016;0.19409222737819
2016;9;20;20/9/2016;0.196913186388244
2016;9;21;21/9/2016;0.202797757153906
2016;9;22;22/9/2016;0.201895784996133
2016;9;23;23/9/2016;0.19092034029389
2016;9;24;24/9/2016;0.214473124516628
2016;9;25;25/9/2016;0.215427300850735
2016;9;26;26/9/2016;0.197061098221191
2016;9;27;27/9/2016;0.19072505800464
2016;9;28;28/9/2016;0.191663766434648
2016;9;29;29/9/2016;0.201306071152359
2016;9;30;30/9/2016;0.207648878576953
2016;10;1;1/10/2016;0.201175560711524
2016;10;2;2/10/2016;0.203061678267595
2016;10;3;3/10/2016;0.19583430007734
2016;10;4;4/10/2016;0.187335653518948
2016;10;5;5/10/2016;0.221752706883217
2016;10;6;6/10/2016;0.204557231245166
2016;10;7;7/10/2016;0.206777842227378
2016;10;8;8/10/2016;0.228952049497293
2016;10;9;9/10/2016;0.235298723897912
2016;10;10;10/10/2016;0.210506573859242
2016;10;11;11/10/2016;0.188538283062645
2016;10;12;12/10/2016;0.19098124516628
2016;10;13;13/10/2016;0.191200696055684
2016;10;14;14/10/2016;0.196182327919567
2016;10;15;15/10/2016;0.203013341067285
2016;10;16;16/10/2016;0.210886504253674
2016;10;17;17/10/2016;0.196335073472545
2016;10;18;18/10/2016;0.198342034029389
2016;10;19;19/10/2016;0.18419373549884
2016;10;20;20/10/2016;0.179619102861562
2016;10;21;21/10/2016;0.179575599381284
2016;10;22;22/10/2016;0.20381090487239
2016;10;23;23/10/2016;0.210892304717711
2016;10;24;24/10/2016;0.201432714617169
2016;10;25;25/10/2016;0.203636890951276
2016;10;26;26/10/2016;0.198642691415313
2016;10;27;27/10/2016;0.198563418406806
2016;10;28;28/10/2016;0.191337006960557
2016;10;29;29/10/2016;0.202408159319412
2016;10;30;30/10/2016;0.20206399845321
2016;10;31;31/10/2016;0.197437161639598
2016;11;1;1/11/2016;0.199390951276102
2016;11;2;2/11/2016;0.202220610982212
2016;11;3;3/11/2016;0.185742459396752
2016;11;4;4/11/2016;0.189494392884764
2016;11;5;5/11/2016;0.190901972157773
2016;11;6;6/11/2016;0.195036736272235
2016;11;7;7/11/2016;0.183260827532869
2016;11;8;8/11/2016;0.18872969837587
2016;11;9;9/11/2016;0.191400812064965
2016;11;10;10/11/2016;0.188464810518175
2016;11;11;11/11/2016;0.190568445475638
2016;11;12;12/11/2016;0.196336040216551
2016;11;13;13/11/2016;0.196907385924207
2016;11;14;14/11/2016;0.187851894818252
2016;11;15;15/11/2016;0.187186774941995
2016;11;16;16/11/2016;0.187817092034029
2016;11;17;17/11/2016;0.187173240525909
2016;11;18;18/11/2016;0.184955529775715
2016;11;19;19/11/2016;0.186890951276102
2016;11;20;20/11/2016;0.20112819025522
2016;11;21;21/11/2016;0.186133990719258
2016;11;22;22/11/2016;0.192906032482599
2016;11;23;23/11/2016;0.186383410672854
2016;11;24;24/11/2016;0.196530355761794
2016;11;25;25/11/2016;0.191126256767208
2016;11;26;26/11/2016;0.193811871616396
2016;11;27;27/11/2016;0.202530935808198
2016;11;28;28/11/2016;0.187947602474865
2016;11;29;29/11/2016;0.181834880123743
2016;11;30;30/11/2016;0.19432037896365
2016;12;1;1/12/2016;0.18940931941222
2016;12;2;2/12/2016;0.19222351121423
2016;12;3;3/12/2016;0.22577339520495
2016;12;4;4/12/2016;0.232528035576179
2016;12;5;5/12/2016;0.213056844547564
2016;12;6;6/12/2016;0.215239752513534
2016;12;7;7/12/2016;0.219881090487239
2016;12;8;8/12/2016;0.214958430007734
2016;12;9;9/12/2016;0.218838940448569
2016;12;10;10/12/2016;0.199815351894818
2016;12;11;11/12/2016;0.210377030162413
2016;12;12;12/12/2016;0.194834686774942
2016;12;13;13/12/2016;0.183761600928074
2016;12;14;14/12/2016;0.182931167826759
2016;12;15;15/12/2016;0.192972737819026
2016;12;16;16/12/2016;0.191357308584687
2016;12;17;17/12/2016;0.192679814385151
2016;12;18;18/12/2016;0.197922467130704
2016;12;19;19/12/2016;0.184631670533643
2016;12;20;20/12/2016;0.178924013921114
2016;12;21;21/12/2016;0.180632250580046
2016;12;22;22/12/2016;0.187134570765661
2016;12;23;23/12/2016;0.181332173240526
2016;12;24;24/12/2016;0.188608855375097
2016;12;25;25/12/2016;0.190340293890178
2016;12;26;26/12/2016;0.187309551430781
2016;12;27;27/12/2016;0.179291376643465
2016;12;28;28/12/2016;0.194942962103635
2016;12;29;29/12/2016;0.185297757153906
2016;12;30;30/12/2016;0.1913437741686
2016;12;31;31/12/2016;0.200041569992266
2017;1;1;1/1/2017;0.261110279441118
2017;1;2;2/1/2017;0.240697355289421
2017;1;3;3/1/2017;0.235173403193613
2017;1;4;4/1/2017;0.238678892215569
2017;1;5;5/1/2017;0.241440868263473
2017;1;6;6/1/2017;0.243676397205589
2017;1;7;7/1/2017;0.242985279441118
2017;1;8;8/1/2017;0.246828842315369
2017;1;9;9/1/2017;0.237436377245509
2017;1;10;10/1/2017;0.225804640718563
2017;1;11;11/1/2017;0.234600798403194
2017;1;12;12/1/2017;0.228401946107784
2017;1;13;13/1/2017;0.234492265469062
2017;1;14;14/1/2017;0.240898203592814
2017;1;15;15/1/2017;0.230838323353293
2017;1;16;16/1/2017;0.22250748502994
2017;1;17;17/1/2017;0.228073852295409
2017;1;18;18/1/2017;0.234090568862275
2017;1;19;19/1/2017;0.220661177644711
2017;1;20;20/1/2017;0.229439870259481
2017;1;21;21/1/2017;0.489176646706587
2017;1;22;22/1/2017;0.494108033932136
2017;1;23;23/1/2017;0.479070608782435
2017;1;24;24/1/2017;0.484836576846307
2017;1;25;25/1/2017;0.485682385229541
2017;1;26;26/1/2017;0.486791417165669
2017;1;27;27/1/2017;0.484513473053892
2017;1;28;28/1/2017;0.245107285429142
2017;1;29;29/1/2017;0.250464071856287
2017;1;30;30/1/2017;0.237544910179641
2017;1;31;31/1/2017;0.229799151696607
2017;2;1;1/2/2017;0.237017215568862
2017;2;2;2/2/2017;0.244312624750499
2017;2;3;3/2/2017;0.236157684630738
2017;2;4;4/2/2017;0.249155439121756
2017;2;5;5/2/2017;0.253196107784431
2017;2;6;6/2/2017;0.247858033932136
2017;2;7;7/2/2017;0.246947355289421
2017;2;8;8/2/2017;0.245447854291417
2017;2;9;9/2/2017;0.24250499001996
2017;2;10;10/2/2017;0.232252994011976
2017;2;11;11/2/2017;0.249896457085828
2017;2;12;12/2/2017;0.253638972055888
2017;2;13;13/2/2017;0.24372629740519
2017;2;14;14/2/2017;0.238012724550898
2017;2;15;15/2/2017;0.239422405189621
2017;2;16;16/2/2017;0.242324101796407
2017;2;17;17/2/2017;0.244602045908184
2017;2;18;18/2/2017;0.505132235528942
2017;2;19;19/2/2017;0.510452844311377
2017;2;20;20/2/2017;0.505137225548902
2017;2;21;21/2/2017;0.518794910179641
2017;2;22;22/2/2017;0.551968562874251
2017;2;23;23/2/2017;0.552361526946108
2017;2;24;24/2/2017;0.518900948103792
2017;2;25;25/2/2017;0.286835079840319
2017;2;26;26/2/2017;0.284686876247505
2017;2;27;27/2/2017;0.270503992015968
2017;2;28;28/2/2017;0.302778193612774
2017;3;1;1/3/2017;0.289852794411178
2017;3;2;2/3/2017;0.307098303393214
2017;3;3;3/3/2017;0.300901946107784
2017;3;4;4/3/2017;0.281458333333333
2017;3;5;5/3/2017;0.286714071856287
2017;3;6;6/3/2017;0.275733532934132
2017;3;7;7/3/2017;0.272327844311377
2017;3;8;8/3/2017;0.284099301397206
2017;3;9;9/3/2017;0.292601047904192
2017;3;10;10/3/2017;0.297776946107784
2017;3;11;11/3/2017;0.304916417165669
2017;3;12;12/3/2017;0.311568113772455
2017;3;13;13/3/2017;0.297819361277445
2017;3;14;14/3/2017;0.290359281437126
2017;3;15;15/3/2017;0.294560878243513
2017;3;16;16/3/2017;0.283501746506986
2017;3;17;17/3/2017;0.273557884231537
2017;3;18;18/3/2017;0.28562749500998
2017;3;19;19/3/2017;0.301292415169661
2017;3;20;20/3/2017;0.281195109780439
2017;3;21;21/3/2017;0.273907185628742
2017;3;22;22/3/2017;0.268979540918164
2017;3;23;23/3/2017;0.26249376247505
2017;3;24;24/3/2017;0.274834081836327
2017;3;25;25/3/2017;0.299711826347305
2017;3;26;26/3/2017;0.301057884231537
2017;3;27;27/3/2017;0.27627370259481
2017;3;28;28/3/2017;0.27622754491018
2017;3;29;29/3/2017;0.297662175648703
2017;3;30;30/3/2017;0.28126497005988
2017;3;31;31/3/2017;0.283270958083832
2017;4;1;1/4/2017;0.28750499001996
2017;4;2;2/4/2017;0.292672155688623
2017;4;3;3/4/2017;0.283401946107784
2017;4;4;4/4/2017;0.287567365269461
2017;4;5;5/4/2017;0.286787674650699
2017;4;6;6/4/2017;0.282718313373253
2017;4;7;7/4/2017;0.288456836327345
2017;4;8;8/4/2017;0.297826846307385
2017;4;9;9/4/2017;0.309619510978044
2017;4;10;10/4/2017;0.30063622754491
2017;4;11;11/4/2017;0.294466067864271
2017;4;12;12/4/2017;0.307900449101796
2017;4;13;13/4/2017;0.294947604790419
2017;4;14;14/4/2017;0.286156437125749
2017;4;15;15/4/2017;0.279035678642715
2017;4;16;16/4/2017;0.277723303393214
2017;4;17;17/4/2017;0.276967315369262
2017;4;18;18/4/2017;0.265127245508982
2017;4;19;19/4/2017;0.278376996007984
2017;4;20;20/4/2017;0.275531437125749
2017;4;21;21/4/2017;0.270269461077844
2017;4;22;22/4/2017;0.290118512974052
2017;4;23;23/4/2017;0.291065369261477
2017;4;24;24/4/2017;0.281594311377246
2017;4;25;25/4/2017;0.263478043912176
2017;4;26;26/4/2017;0.261598053892216
2017;4;27;27/4/2017;0.283637724550898
2017;4;28;28/4/2017;0.28439246506986
2017;4;29;29/4/2017;0.282699600798403
2017;4;30;30/4/2017;0.291343562874252
2017;5;1;1/5/2017;0.27250249500998
2017;5;2;2/5/2017;0.264261477045908
2017;5;3;3/5/2017;0.279583333333333
2017;5;4;4/5/2017;0.270250748502994
2017;5;5;5/5/2017;0.28062375249501
2017;5;6;6/5/2017;0.280933133732535
2017;5;7;7/5/2017;0.282214321357285
2017;5;8;8/5/2017;0.277266716566866
2017;5;9;9/5/2017;0.275775948103792
2017;5;10;10/5/2017;0.281488273453094
2017;5;11;11/5/2017;0.284286427145709
2017;5;12;12/5/2017;0.284206586826347
2017;5;13;13/5/2017;0.29436501996008
2017;5;14;14/5/2017;0.296543163672655
2017;5;15;15/5/2017;0.289336327345309
2017;5;16;16/5/2017;0.289283932135729
2017;5;17;17/5/2017;0.281603043912176
2017;5;18;18/5/2017;0.286959830339321
2017;5;19;19/5/2017;0.279842814371258
2017;5;20;20/5/2017;0.279930139720559
2017;5;21;21/5/2017;0.286605538922156
2017;5;22;22/5/2017;0.269676896207585
2017;5;23;23/5/2017;0.263367015968064
2017;5;24;24/5/2017;0.256515718562874
2017;5;25;25/5/2017;0.263413173652695
2017;5;26;26/5/2017;0.253263473053892
2017;5;27;27/5/2017;0.257643463073852
2017;5;28;28/5/2017;0.253665169660679
2017;5;29;29/5/2017;0.241541916167665
2017;5;30;30/5/2017;0.236835079840319
2017;5;31;31/5/2017;0.241010479041916
2017;6;1;1/6/2017;0.246074101796407
2017;6;2;2/6/2017;0.231142714570858
2017;6;3;3/6/2017;0.245107285429142
2017;6;4;4/6/2017;0.247059630738523
2017;6;5;5/6/2017;0.23125748502994
2017;6;6;6/6/2017;0.230944361277445
2017;6;7;7/6/2017;0.248196107784431
2017;6;8;8/6/2017;0.240800898203593
2017;6;9;9/6/2017;0.249094311377246
2017;6;10;10/6/2017;0.28437000998004
2017;6;11;11/6/2017;0.283534181636726
2017;6;12;12/6/2017;0.277068363273453
2017;6;13;13/6/2017;0.274441117764471
2017;6;14;14/6/2017;0.265147205588822
2017;6;15;15/6/2017;0.271371007984032
2017;6;16;16/6/2017;0.298036427145709
2017;6;17;17/6/2017;0.278577844311377
2017;6;18;18/6/2017;0.269861526946108
2017;6;19;19/6/2017;0.255125998003992
2017;6;20;20/6/2017;0.272296656686627
2017;6;21;21/6/2017;0.251987275449102
2017;6;22;22/6/2017;0.251493263473054
2017;6;23;23/6/2017;0.254081836327345
2017;6;24;24/6/2017;0.269922654690619
2017;6;25;25/6/2017;0.27250124750499
2017;6;26;26/6/2017;0.249458582834331
2017;6;27;27/6/2017;0.252306636726547
2017;6;28;28/6/2017;0.252783183632735
2017;6;29;29/6/2017;0.248918413173653
2017;6;30;30/6/2017;0.277609780439122
2017;7;1;1/7/2017;0.369796656686627
2017;7;2;2/7/2017;0.369771706586826
2017;7;3;3/7/2017;0.341662924151697
2017;7;4;4/7/2017;0.321494510978044
2017;7;5;5/7/2017;0.320389221556886
2017;7;6;6/7/2017;0.310389221556886
2017;7;7;7/7/2017;0.31000374251497
2017;7;8;8/7/2017;0.274159181636727
2017;7;9;9/7/2017;0.281135229540918
2017;7;10;10/7/2017;0.25122879241517
2017;7;11;11/7/2017;0.255799650698603
2017;7;12;12/7/2017;0.274827844311377
2017;7;13;13/7/2017;0.27438997005988
2017;7;14;14/7/2017;0.248701347305389
2017;7;15;15/7/2017;0.275089820359281
2017;7;16;16/7/2017;0.283420658682635
2017;7;17;17/7/2017;0.272952844311377
2017;7;18;18/7/2017;0.249781686626746
2017;7;19;19/7/2017;0.267582335329341
2017;7;20;20/7/2017;0.257260479041916
2017;7;21;21/7/2017;0.263403193612774
2017;7;22;22/7/2017;0.289578343313373
2017;7;23;23/7/2017;0.294457335329341
2017;7;24;24/7/2017;0.2762375249501
2017;7;25;25/7/2017;0.262629740518962
2017;7;26;26/7/2017;0.28689121756487
2017;7;27;27/7/2017;0.272699600798403
2017;7;28;28/7/2017;0.295502744510978
2017;7;29;29/7/2017;0.31750249500998
2017;7;30;30/7/2017;0.310881986027944
2017;7;31;31/7/2017;0.278438123752495
2017;8;1;1/8/2017;0.304745508982036
2017;8;2;2/8/2017;0.27375873253493
2017;8;3;3/8/2017;0.30561002994012
2017;8;4;4/8/2017;0.284065618762475
2017;8;5;5/8/2017;0.277170658682635
2017;8;6;6/8/2017;0.29126746506986
2017;8;7;7/8/2017;0.258294660678643
2017;8;8;8/8/2017;0.272613522954092
2017;8;9;9/8/2017;0.266722804391218
2017;8;10;10/8/2017;0.263164920159681
2017;8;11;11/8/2017;0.265849550898204
2017;8;12;12/8/2017;0.281604291417166
2017;8;13;13/8/2017;0.292799401197605
2017;8;14;14/8/2017;0.252880489021956
2017;8;15;15/8/2017;0.28501746506986
2017;8;16;16/8/2017;0.258685129740519
2017;8;17;17/8/2017;0.258811127744511
2017;8;18;18/8/2017;0.266001746506986
2017;8;19;19/8/2017;0.28812999001996
2017;8;20;20/8/2017;0.291119011976048
2017;8;21;21/8/2017;0.270704840319361
2017;8;22;22/8/2017;0.275676147704591
2017;8;23;23/8/2017;0.272952844311377
2017;8;24;24/8/2017;0.274852794411178
2017;8;25;25/8/2017;0.267970309381238
2017;8;26;26/8/2017;0.283685129740519
2017;8;27;27/8/2017;0.291749001996008
2017;8;28;28/8/2017;0.254891467065868
2017;8;29;29/8/2017;0.277591067864271
2017;8;30;30/8/2017;0.279937624750499
2017;8;31;31/8/2017;0.269533433133733
2017;9;1;1/9/2017;0.25436377245509
2017;9;2;2/9/2017;0.290424151696607
2017;9;3;3/9/2017;0.304250249500998
2017;9;4;4/9/2017;0.291619261477046
2017;9;5;5/9/2017;0.268078842315369
2017;9;6;6/9/2017;0.274547155688623
2017;9;7;7/9/2017;0.277703343313373
2017;9;8;8/9/2017;0.280406686626746
2017;9;9;9/9/2017;0.279910179640718
2017;9;10;10/9/2017;0.291714071856287
2017;9;11;11/9/2017;0.269653193612775
2017;9;12;12/9/2017;0.268454341317365
2017;9;13;13/9/2017;0.29188498003992
2017;9;14;14/9/2017;0.279045658682635
2017;9;15;15/9/2017;0.271380988023952
2017;9;16;16/9/2017;0.285769710578842
2017;9;17;17/9/2017;0.297564870259481
2017;9;18;18/9/2017;0.273393213572854
2017;9;19;19/9/2017;0.274504740518962
2017;9;20;20/9/2017;0.286655439121756
2017;9;21;21/9/2017;0.276822604790419
2017;9;22;22/9/2017;0.268879740518962
2017;9;23;23/9/2017;0.278706337325349
2017;9;24;24/9/2017;0.284242764471058
2017;9;25;25/9/2017;0.27561501996008
2017;9;26;26/9/2017;0.294948852295409
2017;9;27;27/9/2017;0.274741766467066
2017;9;28;28/9/2017;0.275824600798403
2017;9;29;29/9/2017;0.271742764471058
2017;9;30;30/9/2017;0.28752744510978
2017;10;1;1/10/2017;0.285938123752495
2017;10;2;2/10/2017;0.28689371257485
2017;10;3;3/10/2017;0.284716816367265
2017;10;4;4/10/2017;0.283667664670659
2017;10;5;5/10/2017;0.284108033932136
2017;10;6;6/10/2017;0.303275948103792
2017;10;7;7/10/2017;0.310417914171657
2017;10;8;8/10/2017;0.306596806387226
2017;10;9;9/10/2017;0.294111776447106
2017;10;10;10/10/2017;0.313411926147705
2017;10;11;11/10/2017;0.332210578842315
2017;10;12;12/10/2017;0.322233033932136
2017;10;13;13/10/2017;0.273575349301397
2017;10;14;14/10/2017;0.309124251497006
2017;10;15;15/10/2017;0.312206836327345
2017;10;16;16/10/2017;0.278631487025948
2017;10;17;17/10/2017;0.256485778443114
2017;10;18;18/10/2017;0.250698602794411
2017;10;19;19/10/2017;0.247979041916168
2017;10;20;20/10/2017;0.249538423153693
2017;10;21;21/10/2017;0.259698103792415
2017;10;22;22/10/2017;0.263236027944112
2017;10;23;23/10/2017;0.25251372255489
2017;10;24;24/10/2017;0.261996007984032
2017;10;25;25/10/2017;0.264240269461078
2017;10;26;26/10/2017;0.259589570858283
2017;10;27;27/10/2017;0.254720558882236
2017;10;28;28/10/2017;0.272737025948104
2017;10;29;29/10/2017;0.27434755489022
2017;10;30;30/10/2017;0.263294660678643
2017;10;31;31/10/2017;0.299302644710579
2017;11;1;1/11/2017;0.301772704590818
2017;11;2;2/11/2017;0.305249500998004
2017;11;3;3/11/2017;0.289741766467066
2017;11;4;4/11/2017;0.293405688622755
2017;11;5;5/11/2017;0.299210329341317
2017;11;6;6/11/2017;0.280073602794411
2017;11;7;7/11/2017;0.264161676646707
2017;11;8;8/11/2017;0.267277944111776
2017;11;9;9/11/2017;0.246568113772455
2017;11;10;10/11/2017;0.254645708582834
2017;11;11;11/11/2017;0.270168413173653
2017;11;12;12/11/2017;0.271685379241517
2017;11;13;13/11/2017;0.261790169660679
2017;11;14;14/11/2017;0.262078343313373
2017;11;15;15/11/2017;0.260512724550898
2017;11;16;16/11/2017;0.260792165668663
2017;11;17;17/11/2017;0.25999126746507
2017;11;18;18/11/2017;0.260963073852295
2017;11;19;19/11/2017;0.26372754491018
2017;11;20;20/11/2017;0.25187749500998
2017;11;21;21/11/2017;0.254024451097804
2017;11;22;22/11/2017;0.257252994011976
2017;11;23;23/11/2017;0.255754740518962
2017;11;24;24/11/2017;0.2487624750499
2017;11;25;25/11/2017;0.264176646706587
2017;11;26;26/11/2017;0.268983283433134
2017;11;27;27/11/2017;0.255663672654691
2017;11;28;28/11/2017;0.26374625748503
2017;11;29;29/11/2017;0.24999875249501
2017;11;30;30/11/2017;0.249630738522954
2017;12;1;1/12/2017;0.26373128742515
2017;12;2;2/12/2017;0.265909431137725
2017;12;3;3/12/2017;0.266283682634731
2017;12;4;4/12/2017;0.261292415169661
2017;12;5;5/12/2017;0.263428143712575
2017;12;6;6/12/2017;0.261054141716567
2017;12;7;7/12/2017;0.252994011976048
2017;12;8;8/12/2017;0.249811626746507
2017;12;9;9/12/2017;0.267052145708583
2017;12;10;10/12/2017;0.269296407185629
2017;12;11;11/12/2017;0.263272205588822
2017;12;12;12/12/2017;0.264312624750499
2017;12;13;13/12/2017;0.2562624750499
2017;12;14;14/12/2017;0.254181636726547
2017;12;15;15/12/2017;0.265330588822355
2017;12;16;16/12/2017;0.270773453093812
2017;12;17;17/12/2017;0.266756487025948
2017;12;18;18/12/2017;0.259479790419162
2017;12;19;19/12/2017;0.258365768463074
2017;12;20;20/12/2017;0.262440119760479
2017;12;21;21/12/2017;0.25125499001996
2017;12;22;22/12/2017;0.261064121756487
2017;12;23;23/12/2017;0.257863023952096
2017;12;24;24/12/2017;0.260460329341317
2017;12;25;25/12/2017;0.267339071856287
2017;12;26;26/12/2017;0.259131736526946
2017;12;27;27/12/2017;0.253843562874252
2017;12;28;28/12/2017;0.253199850299401
2017;12;29;29/12/2017;0.248826097804391
2017;12;30;30/12/2017;0.25628118762475
2017;12;31;31/12/2017;0.258562874251497
2018;1;1;1/1/2018;0.258077594810379
2018;1;2;2/1/2018;0.249262724550898
2018;1;3;3/1/2018;0.262020958083832
2018;1;4;4/1/2018;0.261125249500998
2018;1;5;5/1/2018;0.264170409181637
2018;1;6;6/1/2018;0.247002245508982
2018;1;7;7/1/2018;0.249740518962076
2018;1;8;8/1/2018;0.242891716566866
2018;1;9;9/1/2018;0.259602045908184
2018;1;10;10/1/2018;0.254195359281437
2018;1;11;11/1/2018;0.252977794411178
2018;1;12;12/1/2018;0.258879740518962
2018;1;13;13/1/2018;0.262422654690619
2018;1;14;14/1/2018;0.263779940119761
2018;1;15;15/1/2018;0.26060878243513
2018;1;16;16/1/2018;0.264034431137725
2018;1;17;17/1/2018;0.264614520958084
2018;1;18;18/1/2018;0.258451846307385
2018;1;19;19/1/2018;0.262994011976048
2018;1;20;20/1/2018;0.262337824351297
2018;1;21;21/1/2018;0.265778443113772
2018;1;22;22/1/2018;0.2606499500998
2018;1;23;23/1/2018;0.260155938123752
2018;1;24;24/1/2018;0.276803892215569
2018;1;25;25/1/2018;0.273524201596806
2018;1;26;26/1/2018;0.274832834331337
2018;1;27;27/1/2018;0.274553393213573
2018;1;28;28/1/2018;0.276215069860279
2018;1;29;29/1/2018;0.264850299401198
2018;1;30;30/1/2018;0.273489271457086
2018;1;31;31/1/2018;0.272607285429142
2018;2;1;1/2/2018;0.251576846307385
2018;2;2;2/2/2018;0.253992015968064
2018;2;3;3/2/2018;0.270296906187625
2018;2;4;4/2/2018;0.273389471057884
2018;2;5;5/2/2018;0.275904441117764
2018;2;6;6/2/2018;0.283697604790419
2018;2;7;7/2/2018;0.271024201596806
2018;2;8;8/2/2018;0.269008233532934
2018;2;9;9/2/2018;0.279076846307385
2018;2;10;10/2/2018;0.318008982035928
2018;2;11;11/2/2018;0.326145209580838
2018;2;12;12/2/2018;0.317957834331337
2018;2;13;13/2/2018;0.319079341317365
2018;2;14;14/2/2018;0.317316616766467
2018;2;15;15/2/2018;0.312044660678643
2018;2;16;16/2/2018;0.304312624750499
2018;2;17;17/2/2018;0.307251746506986
2018;2;18;18/2/2018;0.312339071856287
2018;2;19;19/2/2018;0.306011726546906
2018;2;20;20/2/2018;0.303035179640719
2018;2;21;21/2/2018;0.307547405189621
2018;2;22;22/2/2018;0.303798652694611
2018;2;23;23/2/2018;0.298026447105788
2018;2;24;24/2/2018;0.316646706586826
2018;2;25;25/2/2018;0.323312125748503
2018;2;26;26/2/2018;0.307191866267465
2018;2;27;27/2/2018;0.282189371257485
2018;2;28;28/2/2018;0.278438123752495
2018;3;1;1/3/2018;0.273181137724551
2018;3;2;2/3/2018;0.301492015968064
2018;3;3;3/3/2018;0.296907435129741
2018;3;4;4/3/2018;0.3000124750499
2018;3;5;5/3/2018;0.285893213572854
2018;3;6;6/3/2018;0.287942864271457
2018;3;7;7/3/2018;0.300242015968064
2018;3;8;8/3/2018;0.300692365269461
2018;3;9;9/3/2018;0.294105538922156
2018;3;10;10/3/2018;0.316543163672655
2018;3;11;11/3/2018;0.318350798403194
2018;3;12;12/3/2018;0.308229790419162
2018;3;13;13/3/2018;0.294234031936128
2018;3;14;14/3/2018;0.310052395209581
2018;3;15;15/3/2018;0.333972055888224
2018;3;16;16/3/2018;0.318483033932136
2018;3;17;17/3/2018;0.335132235528942
2018;3;18;18/3/2018;0.345037425149701
2018;3;19;19/3/2018;0.317871756487026
2018;3;20;20/3/2018;0.325528942115768
2018;3;21;21/3/2018;0.345677395209581
2018;3;22;22/3/2018;0.312436377245509
2018;3;23;23/3/2018;0.310585079840319
2018;3;24;24/3/2018;0.32501372255489
2018;3;25;25/3/2018;0.332370259481038
2018;3;26;26/3/2018;0.309249001996008
2018;3;27;27/3/2018;0.308875998003992
2018;3;28;28/3/2018;0.308163672654691
2018;3;29;29/3/2018;0.30501621756487
2018;3;30;30/3/2018;0.328374500998004
2018;3;31;31/3/2018;0.337672155688623
2018;4;1;1/4/2018;0.346208832335329
2018;4;2;2/4/2018;0.337539920159681
2018;4;3;3/4/2018;0.317652195608782
2018;4;4;4/4/2018;0.309161676646707
2018;4;5;5/4/2018;0.323204840319361
2018;4;6;6/4/2018;0.309923902195609
2018;4;7;7/4/2018;0.320666167664671
2018;4;8;8/4/2018;0.323042664670659
2018;4;9;9/4/2018;0.302602295409182
2018;4;10;10/4/2018;0.291100299401198
2018;4;11;11/4/2018;0.317112025948104
2018;4;12;12/4/2018;0.314767964071856
2018;4;13;13/4/2018;0.305179640718563
2018;4;14;14/4/2018;0.309268962075848
2018;4;15;15/4/2018;0.31315244510978
2018;4;16;16/4/2018;0.309237774451098
2018;4;17;17/4/2018;0.354164171656687
2018;4;18;18/4/2018;0.351957335329341
2018;4;19;19/4/2018;0.367003493013972
2018;4;20;20/4/2018;0.335434131736527
2018;4;21;21/4/2018;0.350527694610778
2018;4;22;22/4/2018;0.359656936127744
2018;4;23;23/4/2018;0.328672654690619
2018;4;24;24/4/2018;0.33747629740519
2018;4;25;25/4/2018;0.343061377245509
2018;4;26;26/4/2018;0.339167914171657
2018;4;27;27/4/2018;0.336277445109781
2018;4;28;28/4/2018;0.340389221556886
2018;4;29;29/4/2018;0.354839071856287
2018;4;30;30/4/2018;0.334708083832335
2018;5;1;1/5/2018;0.343556636726547
2018;5;2;2/5/2018;0.332618512974052
2018;5;3;3/5/2018;0.300059880239521
2018;5;4;4/5/2018;0.313632734530938
2018;5;5;5/5/2018;0.313517964071856
2018;5;6;6/5/2018;0.321826347305389
2018;5;7;7/5/2018;0.299076846307385
2018;5;8;8/5/2018;0.292426397205589
2018;5;9;9/5/2018;0.281464570858283
2018;5;10;10/5/2018;0.310405439121756
2018;5;11;11/5/2018;0.273460578842315
2018;5;12;12/5/2018;0.29562749500998
2018;5;13;13/5/2018;0.312300399201597
2018;5;14;14/5/2018;0.290538922155689
2018;5;15;15/5/2018;0.2662375249501
2018;5;16;16/5/2018;0.286101546906188
2018;5;17;17/5/2018;0.296988522954092
2018;5;18;18/5/2018;0.284180389221557
2018;5;19;19/5/2018;0.294641966067864
2018;5;20;20/5/2018;0.297653443113772
2018;5;21;21/5/2018;0.304459830339321
2018;5;22;22/5/2018;0.29440369261477
2018;5;23;23/5/2018;0.282927894211577
2018;5;24;24/5/2018;0.397287924151697
2018;5;25;25/5/2018;0.284947604790419
2018;5;26;26/5/2018;0.311626746506986
2018;5;27;27/5/2018;0.314651946107784
2018;5;28;28/5/2018;0.290727295409182
2018;5;29;29/5/2018;0.284234031936128
2018;5;30;30/5/2018;0.269653193612774
2018;5;31;31/5/2018;0.273355788423154
2018;6;1;1/6/2018;0.296474550898204
2018;6;2;2/6/2018;0.289261477045908
2018;6;3;3/6/2018;0.303940868263473
2018;6;4;4/6/2018;0.283018962075848
2018;6;5;5/6/2018;0.283834830339321
2018;6;6;6/6/2018;0.29687125748503
2018;6;7;7/6/2018;0.285427894211577
2018;6;8;8/6/2018;0.289039421157685
2018;6;9;9/6/2018;0.290989271457086
2018;6;10;10/6/2018;0.294886477045908
2018;6;11;11/6/2018;0.287457584830339
2018;6;12;12/6/2018;0.283806137724551
2018;6;13;13/6/2018;0.293836077844311
2018;6;14;14/6/2018;0.307714570858283
2018;6;15;15/6/2018;0.263418163672655
2018;6;16;16/6/2018;0.302722055888224
2018;6;17;17/6/2018;0.319724301397206
2018;6;18;18/6/2018;0.300515219560878
2018;6;19;19/6/2018;0.271484530938124
2018;6;20;20/6/2018;0.272569860279441
2018;6;21;21/6/2018;0.273320858283433
2018;6;22;22/6/2018;0.26875124750499
2018;6;23;23/6/2018;0.290843313373253
2018;6;24;24/6/2018;0.293818612774451
2018;6;25;25/6/2018;0.268466816367265
2018;6;26;26/6/2018;0.243223552894212
2018;6;27;27/6/2018;0.268575349301397
2018;6;28;28/6/2018;0.280973053892215
2018;6;29;29/6/2018;0.276378493013972
2018;6;30;30/6/2018;0.282974051896208
2018;7;1;1/7/2018;0.291926147704591
2018;7;2;2/7/2018;0.265530189620759
2018;7;3;3/7/2018;0.280373003992016
2018;7;4;4/7/2018;0.265832085828343
2018;7;5;5/7/2018;0.2718874750499
2018;7;6;6/7/2018;0.276460828343313
2018;7;7;7/7/2018;0.287572355289421
2018;7;8;8/7/2018;0.295384231536926
2018;7;9;9/7/2018;0.263154940119761
2018;7;10;10/7/2018;0.264053143712575
2018;7;11;11/7/2018;0.276991017964072
2018;7;12;12/7/2018;0.278304640718563
2018;7;13;13/7/2018;0.27748627744511
2018;7;14;14/7/2018;0.280733532934132
2018;7;15;15/7/2018;0.28565119760479
2018;7;16;16/7/2018;0.251545658682635
2018;7;17;17/7/2018;0.279417415169661
2018;7;18;18/7/2018;0.282668413173653
2018;7;19;19/7/2018;0.275823353293413
2018;7;20;20/7/2018;0.256071606786427
2018;7;21;21/7/2018;0.271393463073852
2018;7;22;22/7/2018;0.279565868263473
2018;7;23;23/7/2018;0.269569610778443
2018;7;24;24/7/2018;0.263622754491018
2018;7;25;25/7/2018;0.249129241516966
2018;7;26;26/7/2018;0.254146706586826
2018;7;27;27/7/2018;0.268843562874251
2018;7;28;28/7/2018;0.279111776447106
2018;7;29;29/7/2018;0.284812874251497
2018;7;30;30/7/2018;0.261052894211577
2018;7;31;31/7/2018;0.26190244510978
2018;8;1;1/8/2018;0.256438373253493
2018;8;2;2/8/2018;0.251045409181637
2018;8;3;3/8/2018;0.250814620758483
2018;8;4;4/8/2018;0.274545908183633
2018;8;5;5/8/2018;0.285885728542914
2018;8;6;6/8/2018;0.255084830339321
2018;8;7;7/8/2018;0.249326347305389
2018;8;8;8/8/2018;0.268832335329341
2018;8;9;9/8/2018;0.258661427145709
2018;8;10;10/8/2018;0.275699850299401
2018;8;11;11/8/2018;0.283595309381238
2018;8;12;12/8/2018;0.276022954091816
2018;8;13;13/8/2018;0.252189371257485
2018;8;14;14/8/2018;0.272589820359281
2018;8;15;15/8/2018;0.251399700598802
2018;8;16;16/8/2018;0.240298153692615
2018;8;17;17/8/2018;0.230537674650699
2018;8;18;18/8/2018;0.236311127744511
2018;8;19;19/8/2018;0.24060753493014
2018;8;20;20/8/2018;0.233282185628743
2018;8;21;21/8/2018;0.250755988023952
2018;8;22;22/8/2018;0.230096057884232
2018;8;23;23/8/2018;0.244270209580838
2018;8;24;24/8/2018;0.241808882235529
2018;8;25;25/8/2018;0.248910928143713
2018;8;26;26/8/2018;0.254015718562874
2018;8;27;27/8/2018;0.253807385229541
2018;8;28;28/8/2018;0.229890219560878
2018;8;29;29/8/2018;0.235237025948104
2018;8;30;30/8/2018;0.242351546906188
2018;8;31;31/8/2018;0.245677395209581
2018;9;1;1/9/2018;0.248496756487026
2018;9;2;2/9/2018;0.256193862275449
2018;9;3;3/9/2018;0.242174401197605
2018;9;4;4/9/2018;0.247361526946108
2018;9;5;5/9/2018;0.24815119760479
2018;9;6;6/9/2018;0.240432884231537
2018;9;7;7/9/2018;0.243527944111776
2018;9;8;8/9/2018;0.265476546906188
2018;9;9;9/9/2018;0.269837824351297
2018;9;10;10/9/2018;0.240762225548902
2018;9;11;11/9/2018;0.25376871257485
2018;9;12;12/9/2018;0.257441367265469
2018;9;13;13/9/2018;0.227406437125749
2018;9;14;14/9/2018;0.208614021956088
2018;9;15;15/9/2018;0.221100299401198
2018;9;16;16/9/2018;0.22689246506986
2018;9;17;17/9/2018;0.211974800399202
2018;9;18;18/9/2018;0.207426397205589
2018;9;19;19/9/2018;0.213259730538922
2018;9;20;20/9/2018;0.21875499001996
2018;9;21;21/9/2018;0.220397954091816
2018;9;22;22/9/2018;0.203545409181637
2018;9;23;23/9/2018;0.210672405189621
2018;9;24;24/9/2018;0.214617015968064
2018;9;25;25/9/2018;0.212874251497006
2018;9;26;26/9/2018;0.216671656686627
2018;9;27;27/9/2018;0.208504241516966
2018;9;28;28/9/2018;0.208591566866267
2018;9;29;29/9/2018;0.209293912175649
2018;9;30;30/9/2018;0.221973552894212
2018;10;1;1/10/2018;0.204099301397206
2018;10;2;2/10/2018;0.210748502994012
2018;10;3;3/10/2018;0.216105289421158
2018;10;4;4/10/2018;0.210427894211577
2018;10;5;5/10/2018;0.208425648702595
2018;10;6;6/10/2018;0.208668912175649
2018;10;7;7/10/2018;0.208385728542914
2018;10;8;8/10/2018;0.19627994011976
2018;10;9;9/10/2018;0.196992265469062
2018;10;10;10/10/2018;0.197881736526946
2018;10;11;11/10/2018;0.212335329341317
2018;10;12;12/10/2018;0.202385229540918
2018;10;13;13/10/2018;0.205461576846307
2018;10;14;14/10/2018;0.217718313373254
2018;10;15;15/10/2018;0.209499750499002
2018;10;16;16/10/2018;0.199545908183633
2018;10;17;17/10/2018;0.205702345309381
2018;10;18;18/10/2018;0.20997130738523
2018;10;19;19/10/2018;0.196508233532934
2018;10;20;20/10/2018;0.207017215568862
2018;10;21;21/10/2018;0.211136477045908
2018;10;22;22/10/2018;0.200406686626747
2018;10;23;23/10/2018;0.215049900199601
2018;10;24;24/10/2018;0.174502245508982
2018;10;25;25/10/2018;0.173177395209581
2018;10;26;26/10/2018;0.174063123752495
2018;10;27;27/10/2018;0.174458582834331
2018;10;28;28/10/2018;0.176660429141717
2018;10;29;29/10/2018;0.17686751497006
2018;10;30;30/10/2018;0.175891966067864
2018;10;31;31/10/2018;0.176329840319361
2018;11;1;1/11/2018;0.181686626746507
2018;11;2;2/11/2018;0.178838572854291
2018;11;3;3/11/2018;0.176595558882236
2018;11;4;4/11/2018;0.181468313373254
2018;11;5;5/11/2018;0.170970558882236
2018;11;6;6/11/2018;0.17249625748503
2018;11;7;7/11/2018;0.170535179640719
2018;11;8;8/11/2018;0.176029191616766
2018;11;9;9/11/2018;0.180985528942116
2018;11;10;10/11/2018;0.17249750499002
2018;11;11;11/11/2018;0.175703592814371
2018;11;12;12/11/2018;0.171374750499002
2018;11;13;13/11/2018;0.177445109780439
2018;11;14;14/11/2018;0.174114271457086
2018;11;15;15/11/2018;0.172123253493014
2018;11;16;16/11/2018;0.173650199600798
2018;11;17;17/11/2018;0.147744510978044
2018;11;18;18/11/2018;0.148458083832335
2018;11;19;19/11/2018;0.147267964071856
2018;11;20;20/11/2018;0.144779191616767
2018;11;21;21/11/2018;0.148262225548902
2018;11;22;22/11/2018;0.155309381237525
2018;11;23;23/11/2018;0.152714570858283
2018;11;24;24/11/2018;0.155553892215569
2018;11;25;25/11/2018;0.158498003992016
2018;11;26;26/11/2018;0.155545159680639
2018;11;27;27/11/2018;0.151092814371257
2018;11;28;28/11/2018;0.153582834331337
2018;11;29;29/11/2018;0.150553892215569
2018;11;30;30/11/2018;0.149010728542914
2018;12;1;1/12/2018;0.154231536926148
2018;12;2;2/12/2018;0.15500748502994
2018;12;3;3/12/2018;0.153066367265469
2018;12;4;4/12/2018;0.162114520958084
2018;12;5;5/12/2018;0.166505738522954
2018;12;6;6/12/2018;0.163410678642715
2018;12;7;7/12/2018;0.161729041916168
2018;12;8;8/12/2018;0.156923652694611
2018;12;9;9/12/2018;0.158403193612774
2018;12;10;10/12/2018;0.162992764471058
2018;12;11;11/12/2018;0.157070858283433
2018;12;12;12/12/2018;0.164101796407186
2018;12;13;13/12/2018;0.163238522954092
2018;12;14;14/12/2018;0.159568363273453
2018;12;15;15/12/2018;0.16315618762475
2018;12;16;16/12/2018;0.160954341317365
2018;12;17;17/12/2018;0.153620259481038
2018;12;18;18/12/2018;0.152537425149701
2018;12;19;19/12/2018;0.152045908183633
2018;12;20;20/12/2018;0.151725299401198
2018;12;21;21/12/2018;0.151469560878244
2018;12;22;22/12/2018;0.144305139720559
2018;12;23;23/12/2018;0.144427395209581
2018;12;24;24/12/2018;0.143610279441118
2018;12;25;25/12/2018;0.144036926147705
2018;12;26;26/12/2018;0.14435129740519
2018;12;27;27/12/2018;0.145244510978044
2018;12;28;28/12/2018;0.170238273453094
2018;12;29;29/12/2018;0.169085578842315
2018;12;30;30/12/2018;0.163289670658683
2018;12;31;31/12/2018;0.155929391217565
2019;1;1;1/1/2019;0.155713572854291
2019;1;2;2/1/2019;0.155708582834331
2019;1;3;3/1/2019;0.17127869261477
2019;1;4;4/1/2019;0.172360279441118
2019;1;5;5/1/2019;0.175920658682635
2019;1;6;6/1/2019;0.175894461077844
2019;1;7;7/1/2019;0.174533433133733
2019;1;8;8/1/2019;0.176208832335329
2019;1;9;9/1/2019;0.186593063872255
2019;1;10;10/1/2019;0.174603293413174
2019;1;11;11/1/2019;0.187621007984032
2019;1;12;12/1/2019;0.194147954091816
2019;1;13;13/1/2019;0.196838822355289
2019;1;14;14/1/2019;0.195185878243513
2019;1;15;15/1/2019;0.190552644710579
2019;1;16;16/1/2019;0.197028443113773
2019;1;17;17/1/2019;0.191111526946108
2019;1;18;18/1/2019;0.198258483033932
2019;1;19;19/1/2019;0.198607784431138
2019;1;20;20/1/2019;0.197019710578842
2019;1;21;21/1/2019;0.197806886227545
2019;1;22;22/1/2019;0.222314121756487
2019;1;23;23/1/2019;0.220409181636727
2019;1;24;24/1/2019;0.222971556886227
2019;1;25;25/1/2019;0.216912425149701
2019;1;26;26/1/2019;0.213309630738523
2019;1;27;27/1/2019;0.213658932135729
2019;1;28;28/1/2019;0.213021457085828
2019;1;29;29/1/2019;0.218277195608782
2019;1;30;30/1/2019;0.202246756487026
2019;1;31;31/1/2019;0.211672904191617
2019;2;1;1/2/2019;0.21190119760479
2019;2;2;2/2/2019;0.20810503992016
2019;2;3;3/2/2019;0.207417664670659
2019;2;4;4/2/2019;0.208367015968064
2019;2;5;5/2/2019;0.213491766467066
2019;2;6;6/2/2019;0.213448103792415
2019;2;7;7/2/2019;0.213206087824351
2019;2;8;8/2/2019;0.210043662674651
2019;2;9;9/2/2019;0.204051896207585
2019;2;10;10/2/2019;0.199852794411178
2019;2;11;11/2/2019;0.199607035928144
2019;2;12;12/2/2019;0.217180638722555
2019;2;13;13/2/2019;0.217360279441118
2019;2;14;14/2/2019;0.253279690618762
2019;2;15;15/2/2019;0.25809880239521
2019;2;16;16/2/2019;0.254166666666667
2019;2;17;17/2/2019;0.25685254491018
2019;2;18;18/2/2019;0.263299650698603
2019;2;19;19/2/2019;0.270387974051896
2019;2;20;20/2/2019;0.26435129740519
2019;2;21;21/2/2019;0.266482035928144
2019;2;22;22/2/2019;0.267176896207585
2019;2;23;23/2/2019;0.270716067864271
2019;2;24;24/2/2019;0.270518962075848
2019;2;25;25/2/2019;0.270472804391218
2019;2;26;26/2/2019;0.280385479041916
2019;2;27;27/2/2019;0.298436876247505
2019;2;28;28/2/2019;0.292255489021956
2019;3;1;1/3/2019;0.29248253493014
2019;3;2;2/3/2019;0.295377994011976
2019;3;3;3/3/2019;0.30250249500998
2019;3;4;4/3/2019;0.305532684630739
2019;3;5;5/3/2019;0.305512724550898
2019;3;6;6/3/2019;0.310716067864272
2019;3;7;7/3/2019;0.309419910179641
2019;3;8;8/3/2019;0.313547904191617
2019;3;9;9/3/2019;0.317280439121757
2019;3;10;10/3/2019;0.316544411177645
2019;3;11;11/3/2019;0.310929391217565
2019;3;12;12/3/2019;0.306667914171657
2019;3;13;13/3/2019;0.292640968063872
2019;3;14;14/3/2019;0.281996007984032
2019;3;15;15/3/2019;0.276568113772455
2019;3;16;16/3/2019;0.273904690618762
2019;3;17;17/3/2019;0.274830339321357
2019;3;18;18/3/2019;0.298539171656687
2019;3;19;19/3/2019;0.288923403193613
2019;3;20;20/3/2019;0.303963323353293
2019;3;21;21/3/2019;0.296710329341317
2019;3;22;22/3/2019;0.334567115768463
2019;3;23;23/3/2019;0.331635479041916
2019;3;24;24/3/2019;0.335182135728543
2019;3;25;25/3/2019;0.334222804391217
2019;3;26;26/3/2019;0.336655439121756
2019;3;27;27/3/2019;0.331317365269461
2019;3;28;28/3/2019;0.340162175648703
2019;3;29;29/3/2019;0.324296407185629
2019;3;30;30/3/2019;0.351215069860279
2019;3;31;31/3/2019;0.34815369261477
2019;4;1;1/4/2019;0.268658932135729
2019;4;2;2/4/2019;0.05874750499002
2019;4;3;3/4/2019;0.123202345309381
2019;4;4;4/4/2019;0.544171656686627
2019;4;5;5/4/2019;0.547747005988024
2019;4;6;6/4/2019;0.544212824351297
2019;4;7;7/4/2019;0.552195608782435
2019;4;8;8/4/2019;0.540366766467066
2019;4;9;9/4/2019;0.539609530938124
2019;4;10;10/4/2019;0.547028443113773
2019;4;11;11/4/2019;0.541190119760479
2019;4;12;12/4/2019;0.556485778443114
2019;4;13;13/4/2019;0.528061377245509
2019;4;14;14/4/2019;0.53002120758483
2019;4;15;15/4/2019;0.519181636726547
2019;4;16;16/4/2019;0.545709830339322
2019;4;17;17/4/2019;0.519414920159681
2019;4;18;18/4/2019;0.520527694610778
2019;4;19;19/4/2019;0.495558882235529
2019;4;20;20/4/2019;0.471591816367266
2019;4;21;21/4/2019;0.48811127744511
2019;4;22;22/4/2019;0.484820359281437
2019;4;23;23/4/2019;0.475227045908184
2019;4;24;24/4/2019;0.483198602794411
2019;4;25;25/4/2019;0.487811876247505
2019;4;26;26/4/2019;0.479175399201597
2019;4;27;27/4/2019;0.468063872255489
2019;4;28;28/4/2019;0.47439496007984
2019;4;29;29/4/2019;0.475537674650699
2019;4;30;30/4/2019;0.482536177644711
2019;5;1;1/5/2019;0.499799151696607
2019;5;2;2/5/2019;0.47124500998004
2019;5;3;3/5/2019;0.462223053892216
2019;5;4;4/5/2019;0.505815868263473
2019;5;5;5/5/2019;0.511409680638723
2019;5;6;6/5/2019;0.489609530938124
2019;5;7;7/5/2019;0.467633483033932
2019;5;8;8/5/2019;0.461065369261477
2019;5;9;9/5/2019;0.453161177644711
2019;5;10;10/5/2019;0.430109780439122
2019;5;11;11/5/2019;0.402965319361278
2019;5;12;12/5/2019;0.398516716566866
2019;5;13;13/5/2019;0.396788922155689
2019;5;14;14/5/2019;0.405964321357285
2019;5;15;15/5/2019;0.408373253493014
2019;5;16;16/5/2019;0.424210329341317
2019;5;17;17/5/2019;0.43622754491018
2019;5;18;18/5/2019;0.415101047904192
2019;5;19;19/5/2019;0.410457834331337
2019;5;20;20/5/2019;0.468198602794411
2019;5;21;21/5/2019;0.48187874251497
2019;5;22;22/5/2019;0.470339321357285
2019;5;23;23/5/2019;0.452541167664671
2019;5;24;24/5/2019;0.461828842315369
2019;5;25;25/5/2019;0.502435129740519
2019;5;26;26/5/2019;0.569451097804391
2019;5;27;27/5/2019;0.563011477045908
2019;5;28;28/5/2019;0.552769461077844
2019;5;29;29/5/2019;0.539045658682635
2019;5;30;30/5/2019;0.562985279441118
2019;5;31;31/5/2019;0.527844311377245
2019;6;1;1/6/2019;0.602876746506986
2019;6;2;2/6/2019;0.624179141716567
2019;6;3;3/6/2019;0.607966566866267
2019;6;4;4/6/2019;0.572014720558882
2019;6;5;5/6/2019;0.538869760479042
2019;6;6;6/6/2019;0.510101047904192
2019;6;7;7/6/2019;0.492720808383234
2019;6;8;8/6/2019;0.466414670658683
2019;6;9;9/6/2019;0.440813373253493
2019;6;10;10/6/2019;0.418285928143713
2019;6;11;11/6/2019;0.438320858283433
2019;6;12;12/6/2019;0.454443612774451
2019;6;13;13/6/2019;0.419532185628743
2019;6;14;14/6/2019;0.372050898203593
2019;6;15;15/6/2019;0.358025199600798
2019;6;16;16/6/2019;0.345122255489022
2019;6;17;17/6/2019;0.312044660678643
2019;6;18;18/6/2019;0.322266716566866
2019;6;19;19/6/2019;0.288357035928144
2019;6;20;20/6/2019;0.345842065868264
2019;6;21;21/6/2019;0.324328842315369
2019;6;22;22/6/2019;0.329200349301397
2019;6;23;23/6/2019;0.313007734530938
2019;6;24;24/6/2019;0.296181387225549
2019;6;25;25/6/2019;0.294428642714571
2019;6;26;26/6/2019;0.298519211576846
2019;6;27;27/6/2019;0.280855788423154
2019;6;28;28/6/2019;0.23873378243513
2019;6;29;29/6/2019;0.262034680638723
2019;6;30;30/6/2019;0.25627120758483
2019;7;1;1/7/2019;0.228181137724551
2019;7;2;2/7/2019;0.224592065868263
2019;7;3;3/7/2019;0.195576347305389
2019;7;4;4/7/2019;0.209147954091816
2019;7;5;5/7/2019;0.202981536926148
2019;7;6;6/7/2019;0.205416666666667
2019;7;7;7/7/2019;0.211516966067864
2019;7;8;8/7/2019;0.178453093812375
2019;7;9;9/7/2019;0.186070359281437
2019;7;10;10/7/2019;0.195709830339321
2019;7;11;11/7/2019;0.196424650698603
2019;7;12;12/7/2019;0.191689121756487
2019;7;13;13/7/2019;0.183182385229541
2019;7;14;14/7/2019;0.176379740518962
2019;7;15;15/7/2019;0.193213572854291
2019;7;16;16/7/2019;0.202442614770459
2019;7;17;17/7/2019;0.207904191616767
2019;7;18;18/7/2019;0.229433632734531
2019;7;19;19/7/2019;0.208206087824351
2019;7;20;20/7/2019;0.209327594810379
2019;7;21;21/7/2019;0.210113522954092
2019;7;22;22/7/2019;0.184607035928144
2019;7;23;23/7/2019;0.172723303393214
2019;7;24;24/7/2019;0.179936377245509
2019;7;25;25/7/2019;0.191721556886227
2019;7;26;26/7/2019;0.19436002994012
2019;7;27;27/7/2019;0.202266716566866
2019;7;28;28/7/2019;0.185935628742515
2019;7;29;29/7/2019;0.172438872255489
2019;7;30;30/7/2019;0.175265718562874
2019;7;31;31/7/2019;0.173692614770459
2019;8;1;1/8/2019;0.177140718562874
2019;8;2;2/8/2019;0.183179890219561
2019;8;3;3/8/2019;0.205444111776447
2019;8;4;4/8/2019;0.218510479041916
2019;8;5;5/8/2019;0.178481786427146
2019;8;6;6/8/2019;0.194850299401198
2019;8;7;7/8/2019;0.179224051896208
2019;8;8;8/8/2019;0.203858532934132
2019;8;9;9/8/2019;0.171501996007984
2019;8;10;10/8/2019;0.168989520958084
2019;8;11;11/8/2019;0.195112275449102
2019;8;12;12/8/2019;0.202319111776447
2019;8;13;13/8/2019;0.170704840319361
2019;8;14;14/8/2019;0.156369760479042
2019;8;15;15/8/2019;0.168500499001996
2019;8;16;16/8/2019;0.171922405189621
2019;8;17;17/8/2019;0.205515219560878
2019;8;18;18/8/2019;0.202214321357285
2019;8;19;19/8/2019;0.179603293413174
2019;8;20;20/8/2019;0.164026946107784
2019;8;21;21/8/2019;0.174918912175649
2019;8;22;22/8/2019;0.176706586826347
2019;8;23;23/8/2019;0.161986027944112
2019;8;24;24/8/2019;0.191499500998004
2019;8;25;25/8/2019;0.25250249500998
2019;8;26;26/8/2019;0.227758233532934
2019;8;27;27/8/2019;0.185950598802395
2019;8;28;28/8/2019;0.164765469061876
2019;8;29;29/8/2019;0.160081087824351
2019;8;30;30/8/2019;0.169645708582834
2019;8;31;31/8/2019;0.189335079840319
2019;9;1;1/9/2019;0.184127994011976
2019;9;2;2/9/2019;0.167698353293413
2019;9;3;3/9/2019;0.169582085828343
2019;9;4;4/9/2019;0.166729041916168
2019;9;5;5/9/2019;0.178282185628742
2019;9;6;6/9/2019;0.189301397205589
2019;9;7;7/9/2019;0.202889221556886
2019;9;8;8/9/2019;0.20309505988024
2019;9;9;9/9/2019;0.188061377245509
2019;9;10;10/9/2019;0.172758233532934
2019;9;11;11/9/2019;0.184312624750499
2019;9;12;12/9/2019;0.179167914171657
2019;9;13;13/9/2019;0.243607784431138
2019;9;14;14/9/2019;0.2925
2019;9;15;15/9/2019;0.281550648702595
2019;9;16;16/9/2019;0.221578093812375
2019;9;17;17/9/2019;0.178158682634731
2019;9;18;18/9/2019;0.18062624750499
2019;9;19;19/9/2019;0.175542664670659
2019;9;20;20/9/2019;0.176077844311377
2019;9;21;21/9/2019;0.176389720558882
2019;9;22;22/9/2019;0.174141716566866
2019;9;23;23/9/2019;0.153887225548902
2019;9;24;24/9/2019;0.151349800399202
2019;9;25;25/9/2019;0.154709331337325
2019;9;26;26/9/2019;0.160795908183633
2019;9;27;27/9/2019;0.148628992015968
2019;9;28;28/9/2019;0.155511477045908
2019;9;29;29/9/2019;0.163087574850299
2019;9;30;30/9/2019;0.145974301397206
2019;10;1;1/10/2019;0.145729790419162
2019;10;2;2/10/2019;0.149902694610778
2019;10;3;3/10/2019;0.151670409181637
2019;10;4;4/10/2019;0.152372754491018
2019;10;5;5/10/2019;0.17688248502994
2019;10;6;6/10/2019;0.19875374251497
2019;10;7;7/10/2019;0.197606037924152
2019;10;8;8/10/2019;0.211115269461078
2019;10;9;9/10/2019;0.255798403193613
2019;10;10;10/10/2019;0.300966816367265
2019;10;11;11/10/2019;0.298380738522954
2019;10;12;12/10/2019;0.298471806387226
2019;10;13;13/10/2019;0.352060878243513
2019;10;14;14/10/2019;0.368892215568862
2019;10;15;15/10/2019;0.369286427145709
2019;10;16;16/10/2019;0.343479291417166
2019;10;17;17/10/2019;0.304777944111776
2019;10;18;18/10/2019;0.291187624750499
2019;10;19;19/10/2019;0.286009231536926
2019;10;20;20/10/2019;0.260281936127744
2019;10;21;21/10/2019;0.247965319361277
2019;10;22;22/10/2019;0.246760229540918
2019;10;23;23/10/2019;0.239735528942116
2019;10;24;24/10/2019;0.232979041916168
2019;10;25;25/10/2019;0.215184630738523
2019;10;26;26/10/2019;0.230717315369261
2019;10;27;27/10/2019;0.224312624750499
2019;10;28;28/10/2019;0.22064371257485
2019;10;29;29/10/2019;0.220233283433134
2019;10;30;30/10/2019;0.220412924151697
2019;10;31;31/10/2019;0.178233532934132
2019;11;1;1/11/2019;0.226760229540918
2019;11;2;2/11/2019;0.213661427145709
2019;11;3;3/11/2019;0.213312125748503
2019;11;4;4/11/2019;0.191988522954092
2019;11;5;5/11/2019;0.187566117764471
2019;11;6;6/11/2019;0.201474550898204
2019;11;7;7/11/2019;0.208490518962076
2019;11;8;8/11/2019;0.215457834331337
2019;11;9;9/11/2019;0.262776946107784
2019;11;10;10/11/2019;0.2393500499002
2019;11;11;11/11/2019;0.225243263473054
2019;11;12;12/11/2019;0.231351047904192
2019;11;13;13/11/2019;0.240557634730539
2019;11;14;14/11/2019;0.251997255489022
2019;11;15;15/11/2019;0.250410429141717
2019;11;16;16/11/2019;0.258702594810379
2019;11;17;17/11/2019;0.304782934131737
2019;11;18;18/11/2019;0.316187624750499
2019;11;19;19/11/2019;0.306019211576846
2019;11;20;20/11/2019;0.319829091816367
2019;11;21;21/11/2019;0.321917415169661
2019;11;22;22/11/2019;0.304105538922156
2019;11;23;23/11/2019;0.278446856287425
2019;11;24;24/11/2019;0.285800898203593
2019;11;25;25/11/2019;0.275737275449102
2019;11;26;26/11/2019;0.278789920159681
2019;11;27;27/11/2019;0.273056387225549
2019;11;28;28/11/2019;0.269487275449102
2019;11;29;29/11/2019;0.263944610778443
2019;11;30;30/11/2019;0.271627994011976
2019;12;1;1/12/2019;0.272824351297405
2019;12;2;2/12/2019;0.253171157684631
2019;12;3;3/12/2019;0.276685379241517
2019;12;4;4/12/2019;0.275286926147705
2019;12;5;5/12/2019;0.270770958083832
2019;12;6;6/12/2019;0.256155189620758
2019;12;7;7/12/2019;0.255904441117764
2019;12;8;8/12/2019;0.24936127744511
2019;12;9;9/12/2019;0.231536926147705
2019;12;10;10/12/2019;0.227823103792415
2019;12;11;11/12/2019;0.23562250499002
2019;12;12;12/12/2019;0.271403443113772
2019;12;13;13/12/2019;0.305533932135729
2019;12;14;14/12/2019;0.307290419161677
2019;12;15;15/12/2019;0.277579840319361
2019;12;16;16/12/2019;0.258187375249501
2019;12;17;17/12/2019;0.270809630738523
2019;12;18;18/12/2019;0.268476796407186
2019;12;19;19/12/2019;0.288428143712575
2019;12;20;20/12/2019;0.333013972055888
2019;12;21;21/12/2019;0.343604041916168
2019;12;22;22/12/2019;0.338486776447106
2019;12;23;23/12/2019;0.330526447105788
2019;12;24;24/12/2019;0.363212325349301
2019;12;25;25/12/2019;0.368031437125748
2019;12;26;26/12/2019;0.382402694610778
2019;12;27;27/12/2019;0.374431137724551
2019;12;28;28/12/2019;0.39188373253493
2019;12;29;29/12/2019;0.404681886227545
2019;12;30;30/12/2019;0.419451097804391
2019;12;31;31/12/2019;0.395767215568862
2020;1;1;1/1/2020;0.376042914171657
2020;1;2;2/1/2020;0.348201097804391
2020;1;3;3/1/2020;0.340051147704591
2020;1;4;4/1/2020;0.331059131736527
2020;1;5;5/1/2020;0.325219560878243
2020;1;6;6/1/2020;0.310561377245509
2020;1;7;7/1/2020;0.3006374750499
2020;1;8;8/1/2020;0.321187624750499
2020;1;9;9/1/2020;0.315193363273453
2020;1;10;10/1/2020;0.308789920159681
2020;1;11;11/1/2020;0.289019461077844
2020;1;12;12/1/2020;0.291729041916168
2020;1;13;13/1/2020;0.309860279441118
2020;1;14;14/1/2020;0.37002120758483
2020;1;15;15/1/2020;0.409926397205589
2020;1;16;16/1/2020;0.382072105788423
2020;1;17;17/1/2020;0.373617764471058
2020;1;18;18/1/2020;0.368332085828343
2020;1;19;19/1/2020;0.348619011976048
2020;1;20;20/1/2020;0.341191367265469
2020;1;21;21/1/2020;0.329837824351297
2020;1;22;22/1/2020;0.32498003992016
2020;1;23;23/1/2020;0.319266467065868
2020;1;24;24/1/2020;0.299592065868263
2020;1;25;25/1/2020;0.283068862275449
2020;1;26;26/1/2020;0.278365768463074
2020;1;27;27/1/2020;0.270978043912176
2020;1;28;28/1/2020;0.262421407185629
2020;1;29;29/1/2020;0.258692614770459
2020;1;30;30/1/2020;0.258824850299401
2020;1;31;31/1/2020;0.252203093812375
2020;2;1;1/2/2020;0.259424900199601
2020;2;2;2/2/2020;0.267446357285429
2020;2;3;3/2/2020;0.272360279441118
2020;2;4;4/2/2020;0.306472055888224
2020;2;5;5/2/2020;0.382020958083832
2020;2;6;6/2/2020;0.43435379241517
2020;2;7;7/2/2020;0.453953343313373
2020;2;8;8/2/2020;0.439661926147705
2020;2;9;9/2/2020;0.424932634730539
2020;2;10;10/2/2020;0.466311127744511
2020;2;11;11/2/2020;0.512468812375249
2020;2;12;12/2/2020;0.525269461077844
2020;2;13;13/2/2020;0.519454840319361
2020;2;14;14/2/2020;0.458453093812375
2020;2;15;15/2/2020;0.495112275449102
2020;2;16;16/2/2020;0.51437375249501
2020;2;17;17/2/2020;0.52246506986028
2020;2;18;18/2/2020;0.52875124750499
2020;2;19;19/2/2020;0.503369510978044
2020;2;20;20/2/2020;0.526057884231537
2020;2;21;21/2/2020;0.528444361277445
2020;2;22;22/2/2020;0.543577844311377
2020;2;23;23/2/2020;0.549752994011976
2020;2;24;24/2/2020;0.54501996007984
2020;2;25;25/2/2020;0.543494261477046
2020;2;26;26/2/2020;0.555441616766467
2020;2;27;27/2/2020;0.536720309381238
2020;2;28;28/2/2020;0.491969810379241
2020;2;29;29/2/2020;0.552637225548902
2020;3;1;1/3/2020;0.556202594810379
2020;3;2;2/3/2020;0.549834081836327
2020;3;3;3/3/2020;0.541102794411178
2020;3;4;4/3/2020;0.564734281437126
2020;3;5;5/3/2020;0.557406437125749
2020;3;6;6/3/2020;0.518449351297405
2020;3;7;7/3/2020;0.546936127744511
2020;3;8;8/3/2020;0.562896706586826
2020;3;9;9/3/2020;0.555349301397206
2020;3;10;10/3/2020;0.568295908183633
2020;3;11;11/3/2020;0.572324101796407
2020;3;12;12/3/2020;0.565864520958084
2020;3;13;13/3/2020;0.567274201596807
2020;3;14;14/3/2020;0.567932884231537
2020;3;15;15/3/2020;0.580308133732535
2020;3;16;16/3/2020;0.55563123752495
2020;3;17;17/3/2020;0.543923403193613
2020;3;18;18/3/2020;0.557388972055888
2020;3;19;19/3/2020;0.558448103792415
2020;3;20;20/3/2020;0.555575099800399
2020;3;21;21/3/2020;0.567756986027944
2020;3;22;22/3/2020;0.562764471057884
2020;3;23;23/3/2020;0.561655439121757
2020;3;24;24/3/2020;0.54313373253493
2020;3;25;25/3/2020;0.545381736526946
2020;3;26;26/3/2020;0.553957085828343
2020;3;27;27/3/2020;0.531439620758483
2020;3;28;28/3/2020;0.512554890219561
2020;3;29;29/3/2020;0.501364770459082
2020;3;30;30/3/2020;0.489614520958084
2020;3;31;31/3/2020;0.230840818363274
2020;4;1;1/4/2020;0.475845808383234
2020;4;2;2/4/2020;0.473833582834331
2020;4;3;3/4/2020;0.452869261477046
2020;4;4;4/4/2020;0.456075349301397
2020;4;5;5/4/2020;0.446875
2020;4;6;6/4/2020;0.425249500998004
2020;4;7;7/4/2020;0.406016716566866
2020;4;8;8/4/2020;0.397359031936128
2020;4;9;9/4/2020;0.392880489021956
2020;4;10;10/4/2020;0.38809880239521
2020;4;11;11/4/2020;0.398868512974052
2020;4;12;12/4/2020;0.411127744510978
2020;4;13;13/4/2020;0.41312375249501
2020;4;14;14/4/2020;0.388333333333333
2020;4;15;15/4/2020;0.417240518962076
2020;4;16;16/4/2020;0.397927894211577
2020;4;17;17/4/2020;0.391506986027944
2020;4;18;18/4/2020;0.385449101796407
2020;4;19;19/4/2020;0.368183632734531
2020;4;20;20/4/2020;0.347572355289421
2020;4;21;21/4/2020;0.346710329341317
2020;4;22;22/4/2020;0.346840069860279
2020;4;23;23/4/2020;0.344714321357285
2020;4;24;24/4/2020;0.338247255489022
2020;4;25;25/4/2020;0.326064121756487
2020;4;26;26/4/2020;0.311666666666667
2020;4;27;27/4/2020;0.294800399201597
2020;4;28;28/4/2020;0.147619760479042
2020;4;29;29/4/2020;0.275657435129741
2020;4;30;30/4/2020;0.27376497005988
2020;5;1;1/5/2020;0.269598303393214
2020;5;2;2/5/2020;0.269270209580838
2020;5;3;3/5/2020;0.284277694610778
2020;5;4;4/5/2020;0.281525698602794
2020;5;5;5/5/2020;0.299658183632734
2020;5;6;6/5/2020;0.297750748502994
2020;5;7;7/5/2020;0.301085329341317
2020;5;8;8/5/2020;0.292095808383234
2020;5;9;9/5/2020;0.309602045908184
2020;5;10;10/5/2020;0.297991516966068
2020;5;11;11/5/2020;0.293191117764471
2020;5;12;12/5/2020;0.254525948103792
2020;5;13;13/5/2020;0.260510229540918
2020;5;14;14/5/2020;0.259083083832335
2020;5;15;15/5/2020;0.29874500998004
2020;5;16;16/5/2020;0.304059381237525
2020;5;17;17/5/2020;0.299537175648703
2020;5;18;18/5/2020;0.273557884231537
